split,source,tree_id,views,images,total_objects,mean_objects_per_view,std_objects_per_view,distinct_combos,empty_views,cv_objects_per_view,B1,B2,B3,B4
test,DAMIMAS,DAMIMAS_A21B_0008,4,4,17,4.25,1.2583057392117918,3,0,0.2960719385684047,4.0,9.0,4.0,0.0
test,DAMIMAS,DAMIMAS_A21B_0010,4,4,20,5.0,0.0,2,0,0.0,2.0,2.0,12.0,4.0
test,DAMIMAS,DAMIMAS_A21B_0026,4,4,12,3.0,0.0,3,0,0.0,0.0,1.0,4.0,7.0
test,DAMIMAS,DAMIMAS_A21B_0029,4,4,22,5.5,0.5773502691896257,2,0,0.10497277619720963,4.0,2.0,12.0,4.0
test,DAMIMAS,DAMIMAS_A21B_0034,4,4,16,4.0,0.816496580927726,2,0,0.20412414518090047,0.0,1.0,4.0,11.0
test,DAMIMAS,DAMIMAS_A21B_0039,4,4,15,3.75,0.5,1,0,0.13333333329777777,4.0,11.0,0.0,0.0
test,DAMIMAS,DAMIMAS_A21B_0042,4,4,15,3.75,0.9574271077563381,3,0,0.25531389533360643,5.0,1.0,5.0,4.0
test,DAMIMAS,DAMIMAS_A21B_0045,4,4,28,7.0,0.816496580927726,2,0,0.11664236868729766,2.0,4.0,16.0,6.0
test,DAMIMAS,DAMIMAS_A21B_0046,4,4,13,3.25,0.9574271077563382,1,0,0.2945929561420755,0.0,0.0,6.0,7.0
test,DAMIMAS,DAMIMAS_A21B_0049,4,4,13,3.25,0.5,2,0,0.15384615379881655,0.0,0.0,10.0,3.0
test,DAMIMAS,DAMIMAS_A21B_0050,4,4,15,3.75,0.5,2,0,0.13333333329777777,4.0,0.0,4.0,7.0
test,DAMIMAS,DAMIMAS_A21B_0056,4,4,14,3.5,1.0,3,0,0.28571428563265305,4.0,0.0,4.0,6.0
test,DAMIMAS,DAMIMAS_A21B_0061,4,4,20,5.0,0.816496580927726,3,0,0.16329931615288534,2.0,4.0,13.0,1.0
test,DAMIMAS,DAMIMAS_A21B_0065,4,4,24,6.0,0.8164965809277259,1,0,0.13608276346527387,7.0,0.0,12.0,5.0
test,DAMIMAS,DAMIMAS_A21B_0070,4,4,17,4.25,0.9574271077563381,2,0,0.22527696647789675,0.0,0.0,11.0,6.0
test,DAMIMAS,DAMIMAS_A21B_0074,4,4,2,0.5,1.0,2,3,1.9999999960000001,0.0,0.0,2.0,0.0
test,DAMIMAS,DAMIMAS_A21B_0079,4,4,26,6.5,0.5773502691896257,2,0,0.0888231183232004,5.0,14.0,7.0,0.0
test,DAMIMAS,DAMIMAS_A21B_0089,4,4,21,5.25,0.9574271077563381,2,0,0.18236706810932782,0.0,3.0,13.0,5.0
test,DAMIMAS,DAMIMAS_A21B_0091,4,4,20,5.0,0.8164965809277259,3,0,0.16329931615288532,3.0,16.0,1.0,0.0
test,DAMIMAS,DAMIMAS_A21B_0092,4,4,19,4.75,0.9574271077563381,3,0,0.20156360159047884,1.0,3.0,8.0,7.0
test,DAMIMAS,DAMIMAS_A21B_0093,4,4,17,4.25,1.2583057392117918,2,0,0.2960719385684047,0.0,1.0,11.0,5.0
test,DAMIMAS,DAMIMAS_A21B_0095,4,4,15,3.75,0.5,2,0,0.13333333329777777,4.0,10.0,1.0,0.0
test,DAMIMAS,DAMIMAS_A21B_0097,4,4,22,5.5,0.5773502691896257,3,0,0.10497277619720963,1.0,5.0,14.0,2.0
test,DAMIMAS,DAMIMAS_A21B_0103,4,4,28,7.0,1.4142135623730951,2,0,0.20203050888158067,3.0,19.0,6.0,0.0
test,DAMIMAS,DAMIMAS_A21B_0113,4,4,8,2.0,1.4142135623730951,2,0,0.7071067808329942,0.0,1.0,6.0,1.0
test,DAMIMAS,DAMIMAS_A21B_0116,4,4,23,5.75,1.5,2,0,0.2608695651720227,1.0,5.0,8.0,9.0
test,DAMIMAS,DAMIMAS_A21B_0122,4,4,10,2.5,1.2909944487358056,3,0,0.5163977792877631,3.0,0.0,3.0,4.0
test,DAMIMAS,DAMIMAS_A21B_0123,4,4,17,4.25,0.957427107756338,2,0,0.22527696647789672,6.0,9.0,2.0,0.0
test,DAMIMAS,DAMIMAS_A21B_0126,4,4,16,4.0,0.816496580927726,3,0,0.20412414518090047,3.0,2.0,6.0,5.0
test,DAMIMAS,DAMIMAS_A21B_0138,4,4,14,3.5,0.5773502691896257,3,0,0.16495721972133387,2.0,2.0,6.0,4.0
test,DAMIMAS,DAMIMAS_A21B_0140,4,4,26,6.5,0.5773502691896257,3,0,0.0888231183232004,6.0,4.0,6.0,10.0
test,DAMIMAS,DAMIMAS_A21B_0147,4,4,24,6.0,0.8164965809277259,2,0,0.13608276346527387,4.0,11.0,6.0,3.0
test,DAMIMAS,DAMIMAS_A21B_0148,4,4,17,4.25,0.9574271077563382,1,0,0.22527696647789677,5.0,0.0,6.0,6.0
test,DAMIMAS,DAMIMAS_A21B_0149,4,4,23,5.75,1.2583057392117916,4,0,0.21883578069442708,2.0,2.0,16.0,3.0
test,DAMIMAS,DAMIMAS_A21B_0151,4,4,23,5.75,0.4999999999999999,3,0,0.08695652172400754,2.0,13.0,7.0,1.0
test,DAMIMAS,DAMIMAS_A21B_0178,4,4,19,4.75,0.4999999999999999,3,0,0.10526315787257615,2.0,3.0,5.0,9.0
test,DAMIMAS,DAMIMAS_A21B_0195,4,4,19,4.75,0.957427107756338,2,0,0.2015636015904788,8.0,8.0,3.0,0.0
test,DAMIMAS,DAMIMAS_A21B_0198,4,4,17,4.25,1.2583057392117916,2,0,0.29607193856840464,2.0,0.0,12.0,3.0
test,DAMIMAS,DAMIMAS_A21B_0204,4,4,19,4.75,0.9574271077563381,3,0,0.20156360159047884,5.0,4.0,6.0,4.0
test,DAMIMAS,DAMIMAS_A21B_0205,4,4,15,3.75,0.5,2,0,0.13333333329777777,0.0,1.0,14.0,0.0
test,DAMIMAS,DAMIMAS_A21B_0220,4,4,9,2.25,0.49999999999999994,4,0,0.22222222212345677,2.0,3.0,3.0,1.0
test,DAMIMAS,DAMIMAS_A21B_0226,4,4,13,3.25,0.9574271077563381,2,0,0.2945929561420754,0.0,0.0,11.0,2.0
test,DAMIMAS,DAMIMAS_A21B_0246,4,4,21,5.25,1.5000000000000002,3,0,0.285714285659864,1.0,6.0,9.0,5.0
test,DAMIMAS,DAMIMAS_A21B_0254,4,4,18,4.5,3.0,3,0,0.6666666665185185,0.0,3.0,9.0,6.0
test,DAMIMAS,DAMIMAS_A21B_0256,4,4,3,0.75,0.5,3,1,0.6666666657777778,0.0,2.0,1.0,0.0
test,DAMIMAS,DAMIMAS_A21B_0261,4,4,26,6.5,0.5773502691896257,3,0,0.0888231183232004,5.0,5.0,12.0,4.0
test,DAMIMAS,DAMIMAS_A21B_0266,4,4,21,5.25,0.9574271077563382,3,0,0.18236706810932785,3.0,5.0,12.0,1.0
test,DAMIMAS,DAMIMAS_A21B_0271,4,4,21,5.25,0.957427107756338,2,0,0.1823670681093278,0.0,9.0,9.0,3.0
test,DAMIMAS,DAMIMAS_A21B_0284,4,4,16,4.0,0.816496580927726,3,0,0.20412414518090047,3.0,4.0,4.0,5.0
test,DAMIMAS,DAMIMAS_A21B_0287,4,4,14,3.5,1.0,1,0,0.28571428563265305,6.0,8.0,0.0,0.0
test,DAMIMAS,DAMIMAS_A21B_0289,4,4,14,3.5,1.0,3,0,0.28571428563265305,3.0,3.0,8.0,0.0
test,DAMIMAS,DAMIMAS_A21B_0315,4,4,23,5.75,0.4999999999999999,2,0,0.08695652172400754,2.0,11.0,10.0,0.0
test,DAMIMAS,DAMIMAS_A21B_0319,4,4,15,3.75,0.957427107756338,1,0,0.25531389533360643,0.0,9.0,6.0,0.0
test,DAMIMAS,DAMIMAS_A21B_0323,4,4,13,3.25,0.5,2,0,0.15384615379881655,0.0,11.0,2.0,0.0
test,DAMIMAS,DAMIMAS_A21B_0335,4,4,12,3.0,1.4142135623730951,2,0,0.4714045206338969,6.0,6.0,0.0,0.0
test,DAMIMAS,DAMIMAS_A21B_0337,4,4,16,4.0,0.816496580927726,2,0,0.20412414518090047,0.0,1.0,11.0,4.0
test,DAMIMAS,DAMIMAS_A21B_0339,4,4,13,3.25,1.707825127659933,3,0,0.5254846545029072,4.0,6.0,3.0,0.0
test,DAMIMAS,DAMIMAS_A21B_0345,4,4,14,3.5,0.5773502691896257,3,0,0.16495721972133387,2.0,4.0,7.0,1.0
test,DAMIMAS,DAMIMAS_A21B_0360,4,4,30,7.5,1.7320508075688774,3,0,0.23094010764505832,9.0,4.0,6.0,11.0
test,DAMIMAS,DAMIMAS_A21B_0361,4,4,24,6.0,0.816496580927726,2,0,0.13608276346527387,4.0,4.0,10.0,6.0
test,DAMIMAS,DAMIMAS_A21B_0363,4,4,15,3.75,0.9574271077563381,3,0,0.25531389533360643,0.0,11.0,2.0,2.0
test,DAMIMAS,DAMIMAS_A21B_0364,4,4,27,6.75,0.5,3,0,0.07407407406310014,4.0,9.0,9.0,5.0
test,DAMIMAS,DAMIMAS_A21B_0399,4,4,17,4.25,1.7078251276599332,3,0,0.4018412064136687,6.0,7.0,3.0,1.0
test,DAMIMAS,DAMIMAS_A21B_0407,4,4,23,5.75,0.5,3,0,0.08695652172400756,3.0,8.0,10.0,2.0
test,DAMIMAS,DAMIMAS_A21B_0410,4,4,31,7.75,0.4999999999999999,2,0,0.06451612902393339,5.0,2.0,18.0,6.0
test,DAMIMAS,DAMIMAS_A21B_0414,4,4,13,3.25,0.5,1,0,0.15384615379881655,0.0,0.0,13.0,0.0
test,DAMIMAS,DAMIMAS_A21B_0421,4,4,0,0.0,0.0,1,4,0.0,0.0,0.0,0.0,0.0
test,DAMIMAS,DAMIMAS_A21B_0425,4,4,20,5.0,0.816496580927726,3,0,0.16329931615288534,0.0,5.0,13.0,2.0
test,DAMIMAS,DAMIMAS_A21B_0427,4,4,26,6.5,1.0,3,0,0.1538461538224852,1.0,14.0,10.0,1.0
test,DAMIMAS,DAMIMAS_A21B_0432,4,4,14,3.5,1.2909944487358056,2,0,0.36885555667627146,0.0,5.0,7.0,2.0
test,DAMIMAS,DAMIMAS_A21B_0441,4,4,19,4.75,1.5,4,0,0.3157894736177285,2.0,3.0,12.0,2.0
test,DAMIMAS,DAMIMAS_A21B_0445,4,4,18,4.5,1.2909944487358056,3,0,0.2868876552108707,3.0,3.0,8.0,4.0
test,DAMIMAS,DAMIMAS_A21B_0449,4,4,23,5.75,1.2583057392117916,3,0,0.21883578069442708,0.0,5.0,17.0,1.0
test,DAMIMAS,DAMIMAS_A21B_0462,4,4,20,5.0,1.8257418583505538,2,0,0.3651483715970811,6.0,0.0,11.0,3.0
test,DAMIMAS,DAMIMAS_A21B_0469,4,4,20,5.0,0.816496580927726,1,0,0.16329931615288534,0.0,5.0,11.0,4.0
test,DAMIMAS,DAMIMAS_A21B_0474,4,4,22,5.5,0.5773502691896257,3,0,0.10497277619720963,4.0,4.0,8.0,6.0
test,DAMIMAS,DAMIMAS_A21B_0478,4,4,27,6.75,0.9574271077563381,2,0,0.1418410529799255,6.0,3.0,8.0,10.0
test,DAMIMAS,DAMIMAS_A21B_0489,4,4,20,5.0,1.1547005383792515,2,0,0.23094010762966227,0.0,0.0,17.0,3.0
test,DAMIMAS,DAMIMAS_A21B_0493,4,4,19,4.75,0.5,2,0,0.10526315787257617,2.0,7.0,6.0,4.0
test,DAMIMAS,DAMIMAS_A21B_0507,4,4,17,4.25,0.5,1,0,0.11764705879584775,0.0,9.0,8.0,0.0
test,DAMIMAS,DAMIMAS_A21B_0525,4,4,13,3.25,1.2583057392117916,2,0,0.3871709965614217,2.0,3.0,8.0,0.0
test,DAMIMAS,DAMIMAS_A21B_0541,4,4,14,3.5,1.2909944487358056,3,0,0.36885555667627146,4.0,1.0,6.0,3.0
test,DAMIMAS,DAMIMAS_A21B_0545,4,4,23,5.75,1.2583057392117916,2,0,0.21883578069442708,2.0,0.0,17.0,4.0
test,DAMIMAS,DAMIMAS_A21B_0547,4,4,24,6.0,0.816496580927726,2,0,0.13608276346527387,3.0,12.0,9.0,0.0
test,DAMIMAS,DAMIMAS_A21B_0553,4,4,20,5.0,0.8164965809277259,3,0,0.16329931615288532,3.0,3.0,10.0,4.0
test,DAMIMAS,DAMIMAS_A21B_0559,4,4,9,2.25,1.2583057392117916,1,0,0.5592469949566865,0.0,0.0,0.0,9.0
test,DAMIMAS,DAMIMAS_A21B_0566,4,4,27,6.75,0.5,3,0,0.07407407406310014,2.0,11.0,9.0,5.0
test,DAMIMAS,DAMIMAS_A21B_0568,4,4,22,5.5,0.5773502691896257,3,0,0.10497277619720963,5.0,5.0,7.0,5.0
test,DAMIMAS,DAMIMAS_A21B_0571,4,4,24,6.0,1.4142135623730951,2,0,0.23570226035623215,6.0,7.0,10.0,1.0
test,DAMIMAS,DAMIMAS_A21B_0583,4,4,6,1.5,0.5773502691896257,2,0,0.38490017920315034,2.0,4.0,0.0,0.0
test,DAMIMAS,DAMIMAS_A21B_0588,4,4,21,5.25,0.9574271077563381,2,0,0.18236706810932782,6.0,4.0,6.0,5.0
test,DAMIMAS,DAMIMAS_A21B_0593,4,4,5,1.25,0.5,2,0,0.39999999968,0.0,0.0,2.0,3.0
test,DAMIMAS,DAMIMAS_A21B_0594,4,4,25,6.25,0.9574271077563382,2,0,0.153188337216504,6.0,9.0,6.0,4.0
test,DAMIMAS,DAMIMAS_A21B_0631,4,4,10,2.5,1.2909944487358056,2,0,0.5163977792877631,0.0,5.0,5.0,0.0
test,DAMIMAS,DAMIMAS_A21B_0636,4,4,19,4.75,1.2583057392117916,3,0,0.26490647135723894,0.0,2.0,12.0,5.0
test,DAMIMAS,DAMIMAS_A21B_0637,4,4,8,2.0,0.816496580927726,4,0,0.40824829025973886,2.0,0.0,5.0,1.0
test,DAMIMAS,DAMIMAS_A21B_0638,4,4,21,5.25,0.5,2,0,0.09523809521995465,7.0,6.0,5.0,3.0
test,DAMIMAS,DAMIMAS_A21B_0641,4,4,26,6.5,1.0,2,0,0.1538461538224852,5.0,5.0,10.0,6.0
test,DAMIMAS,DAMIMAS_A21B_0648,4,4,19,4.75,0.4999999999999999,2,0,0.10526315787257615,0.0,0.0,15.0,4.0
test,DAMIMAS,DAMIMAS_A21B_0650,4,4,20,5.0,1.414213562373095,3,0,0.2828427124180504,3.0,4.0,9.0,4.0
test,DAMIMAS,DAMIMAS_A21B_0662,4,4,4,1.0,0.816496580927726,3,1,0.8164965801112294,0.0,0.0,1.0,3.0
test,DAMIMAS,DAMIMAS_A21B_0681,4,4,28,7.0,0.8164965809277259,2,0,0.11664236868729765,2.0,3.0,17.0,6.0
test,DAMIMAS,DAMIMAS_A21B_0684,4,4,26,6.5,1.7320508075688772,2,0,0.2664693549696012,0.0,4.0,18.0,4.0
test,DAMIMAS,DAMIMAS_A21B_0685,4,4,23,5.75,0.4999999999999999,2,0,0.08695652172400754,4.0,1.0,12.0,6.0
test,DAMIMAS,DAMIMAS_A21B_0714,4,4,14,3.5,1.2909944487358054,3,0,0.36885555667627135,0.0,2.0,6.0,6.0
test,DAMIMAS,DAMIMAS_A21B_0715,4,4,25,6.25,0.5,4,0,0.0799999999872,3.0,4.0,14.0,4.0
test,DAMIMAS,DAMIMAS_A21B_0724,4,4,16,4.0,0.816496580927726,4,0,0.20412414518090047,4.0,2.0,9.0,1.0
test,DAMIMAS,DAMIMAS_A21B_0728,4,4,27,6.75,0.4999999999999999,1,0,0.07407407406310013,4.0,0.0,14.0,9.0
test,DAMIMAS,DAMIMAS_A21B_0743,4,4,14,3.5,0.5773502691896257,1,0,0.16495721972133387,0.0,0.0,7.0,7.0
test,DAMIMAS,DAMIMAS_A21B_0753,4,4,17,4.25,0.9574271077563381,2,0,0.22527696647789675,3.0,1.0,13.0,0.0
test,DAMIMAS,DAMIMAS_A21B_0755,4,4,18,4.5,1.0,3,0,0.2222222221728395,2.0,3.0,9.0,4.0
test,DAMIMAS,DAMIMAS_A21B_0756,4,4,24,6.0,0.816496580927726,1,0,0.13608276346527387,0.0,0.0,19.0,5.0
test,DAMIMAS,DAMIMAS_A21B_0757,4,4,22,5.5,0.5773502691896257,3,0,0.10497277619720963,1.0,2.0,19.0,0.0
test,DAMIMAS,DAMIMAS_A21B_0763,4,4,2,0.5,0.5773502691896257,2,2,1.1547005360698503,0.0,0.0,2.0,0.0
test,DAMIMAS,DAMIMAS_A21B_0768,4,4,15,3.75,0.5,2,0,0.13333333329777777,4.0,3.0,8.0,0.0
test,DAMIMAS,DAMIMAS_A21B_0779,4,4,14,3.5,0.5773502691896257,4,0,0.16495721972133387,3.0,2.0,8.0,1.0
test,DAMIMAS,DAMIMAS_A21B_0781,4,4,22,5.5,1.0,2,0,0.18181818178512396,1.0,9.0,6.0,6.0
test,DAMIMAS,DAMIMAS_A21B_0783,4,4,23,5.75,0.4999999999999999,4,0,0.08695652172400754,3.0,3.0,14.0,3.0
test,DAMIMAS,DAMIMAS_A21B_0791,4,4,9,2.25,0.5,2,0,0.22222222212345677,0.0,3.0,6.0,0.0
test,DAMIMAS,DAMIMAS_A21B_0806,4,4,11,2.75,0.9574271077563381,3,0,0.34815531178479375,2.0,1.0,7.0,1.0
test,DAMIMAS,DAMIMAS_A21B_0808,4,4,22,5.5,0.5773502691896257,3,0,0.10497277619720963,4.0,4.0,6.0,8.0
test,DAMIMAS,DAMIMAS_A21B_0814,8,8,24,3.0,0.7559289460184544,2,0,0.2519763152554927,0.0,0.0,20.0,4.0
test,DAMIMAS,DAMIMAS_A21B_0816,8,8,45,5.625,1.5059406173077154,4,0,0.26772277636266534,5.0,12.0,25.0,3.0
test,DAMIMAS,DAMIMAS_A21B_0822,8,8,38,4.75,0.7071067811865475,4,0,0.14886458548161743,4.0,3.0,29.0,2.0
test,DAMIMAS,DAMIMAS_A21B_0828,8,8,49,6.125,0.8345229603962803,3,0,0.13624864657306637,5.0,15.0,28.0,1.0
test,DAMIMAS,DAMIMAS_A21B_0832,8,8,37,4.625,0.5175491695067655,3,0,0.11190252311240281,0.0,8.0,28.0,1.0
test,DAMIMAS,DAMIMAS_A21B_0837,8,8,35,4.375,0.7440238091428449,4,0,0.17006258490806453,8.0,3.0,21.0,3.0
test,DAMIMAS,DAMIMAS_A21B_0840,8,8,45,5.625,0.7440238091428449,3,0,0.1322708993796576,5.0,21.0,18.0,1.0
test,DAMIMAS,DAMIMAS_A21B_0846,8,8,26,3.25,0.46291004988627565,2,0,0.14243386145964362,0.0,12.0,14.0,0.0
test,DAMIMAS,DAMIMAS_A21B_0851,8,8,51,6.375,1.0606601717798212,2,0,0.16637806613544207,0.0,15.0,32.0,4.0
test,LONSUM,LONSUM_A21A_0003,4,4,16,4.0,1.4142135623730951,2,0,0.35355339050488543,0.0,0.0,8.0,8.0
test,LONSUM,LONSUM_A21A_0025,4,4,5,1.25,0.5,3,0,0.39999999968,0.0,0.0,2.0,3.0
test,LONSUM,LONSUM_A21A_0042,4,4,4,1.0,0.816496580927726,3,1,0.8164965801112294,0.0,0.0,3.0,1.0
test,LONSUM,LONSUM_A21A_0050,4,4,18,4.5,1.7320508075688772,2,0,0.3849001793742171,0.0,9.0,5.0,4.0
test,LONSUM,LONSUM_A21A_0052,4,4,7,1.75,1.2583057392117918,2,1,0.7190318505672914,0.0,0.0,7.0,0.0
test,LONSUM,LONSUM_A21A_0056,4,4,12,3.0,0.0,1,0,0.0,0.0,0.0,12.0,0.0
test,LONSUM,LONSUM_A21A_0059,4,4,19,4.75,1.707825127659933,3,0,0.35954213206324015,0.0,1.0,14.0,4.0
test,LONSUM,LONSUM_A21A_0060,4,4,12,3.0,0.0,2,0,0.0,0.0,3.0,9.0,0.0
test,LONSUM,LONSUM_A21A_0062,4,4,14,3.5,0.5773502691896257,2,0,0.16495721972133387,0.0,5.0,7.0,2.0
test,LONSUM,LONSUM_A21A_0070,4,4,12,3.0,0.816496580927726,3,0,0.2721655268851868,0.0,5.0,5.0,2.0
test,LONSUM,LONSUM_A21A_0076,4,4,12,3.0,1.1547005383792515,2,0,0.38490017933145043,0.0,1.0,11.0,0.0
test,LONSUM,LONSUM_A21A_0087,4,4,9,2.25,0.49999999999999994,1,0,0.22222222212345677,0.0,0.0,9.0,0.0
test,LONSUM,LONSUM_A21A_0091,4,4,16,4.0,0.8164965809277259,3,0,0.20412414518090044,0.0,1.0,13.0,2.0
test,LONSUM,LONSUM_A21A_0095,4,4,12,3.0,0.816496580927726,3,0,0.2721655268851868,0.0,2.0,6.0,4.0
train,DAMIMAS,DAMIMAS_A21B_0001,4,4,17,4.25,0.4999999999999999,2,0,0.11764705879584772,2.0,5.0,10.0,0.0
train,DAMIMAS,DAMIMAS_A21B_0003,4,4,20,5.0,0.0,4,0,0.0,1.0,4.0,11.0,4.0
train,DAMIMAS,DAMIMAS_A21B_0004,4,4,13,3.25,0.5,2,0,0.15384615379881655,0.0,3.0,10.0,0.0
train,DAMIMAS,DAMIMAS_A21B_0005,4,4,15,3.75,1.2583057392117916,3,0,0.3355481970336649,1.0,6.0,6.0,2.0
train,DAMIMAS,DAMIMAS_A21B_0006,4,4,15,3.75,0.957427107756338,3,0,0.25531389533360643,1.0,1.0,7.0,6.0
train,DAMIMAS,DAMIMAS_A21B_0007,4,4,29,7.25,1.2583057392117916,3,0,0.17355941228113547,6.0,10.0,10.0,3.0
train,DAMIMAS,DAMIMAS_A21B_0009,4,4,10,2.5,0.5773502691896257,2,0,0.23094010758347425,0.0,1.0,6.0,3.0
train,DAMIMAS,DAMIMAS_A21B_0011,4,4,13,3.25,1.2583057392117916,3,0,0.3871709965614217,3.0,7.0,2.0,1.0
train,DAMIMAS,DAMIMAS_A21B_0012,4,4,15,3.75,1.2583057392117916,3,0,0.3355481970336649,4.0,6.0,2.0,3.0
train,DAMIMAS,DAMIMAS_A21B_0013,4,4,17,4.25,0.5,2,0,0.11764705879584775,1.0,4.0,7.0,5.0
train,DAMIMAS,DAMIMAS_A21B_0014,4,4,18,4.5,1.0,3,0,0.2222222221728395,2.0,2.0,9.0,5.0
train,DAMIMAS,DAMIMAS_A21B_0015,4,4,25,6.25,0.4999999999999999,1,0,0.07999999998719998,5.0,8.0,8.0,4.0
train,DAMIMAS,DAMIMAS_A21B_0016,4,4,8,2.0,0.816496580927726,4,0,0.40824829025973886,1.0,3.0,4.0,0.0
train,DAMIMAS,DAMIMAS_A21B_0017,4,4,16,4.0,0.8164965809277259,2,0,0.20412414518090044,2.0,0.0,9.0,5.0
train,DAMIMAS,DAMIMAS_A21B_0018,4,4,11,2.75,0.5,3,0,0.1818181817520661,2.0,0.0,8.0,1.0
train,DAMIMAS,DAMIMAS_A21B_0019,4,4,25,6.25,0.4999999999999999,3,0,0.07999999998719998,4.0,11.0,9.0,1.0
train,DAMIMAS,DAMIMAS_A21B_0020,4,4,15,3.75,0.49999999999999994,3,0,0.13333333329777777,2.0,5.0,4.0,4.0
train,DAMIMAS,DAMIMAS_A21B_0021,4,4,21,5.25,0.9574271077563381,3,0,0.18236706810932782,4.0,4.0,8.0,5.0
train,DAMIMAS,DAMIMAS_A21B_0022,4,4,14,3.5,1.0,2,0,0.28571428563265305,0.0,1.0,6.0,7.0
train,DAMIMAS,DAMIMAS_A21B_0023,4,4,16,4.0,0.816496580927726,1,0,0.20412414518090047,6.0,10.0,0.0,0.0
train,DAMIMAS,DAMIMAS_A21B_0024,4,4,19,4.75,0.4999999999999999,3,0,0.10526315787257615,3.0,4.0,6.0,6.0
train,DAMIMAS,DAMIMAS_A21B_0025,4,4,11,2.75,0.49999999999999994,2,0,0.1818181817520661,4.0,1.0,6.0,0.0
train,DAMIMAS,DAMIMAS_A21B_0027,4,4,19,4.75,0.9574271077563381,1,0,0.20156360159047884,7.0,12.0,0.0,0.0
train,DAMIMAS,DAMIMAS_A21B_0028,4,4,20,5.0,0.816496580927726,2,0,0.16329931615288534,0.0,1.0,10.0,9.0
train,DAMIMAS,DAMIMAS_A21B_0030,4,4,13,3.25,0.49999999999999994,1,0,0.15384615379881655,0.0,0.0,7.0,6.0
train,DAMIMAS,DAMIMAS_A21B_0031,4,4,12,3.0,1.632993161855452,3,0,0.5443310537703736,0.0,9.0,2.0,1.0
train,DAMIMAS,DAMIMAS_A21B_0032,4,4,21,5.25,0.9574271077563381,2,0,0.18236706810932782,3.0,3.0,11.0,4.0
train,DAMIMAS,DAMIMAS_A21B_0033,4,4,17,4.25,0.4999999999999999,2,0,0.11764705879584772,0.0,0.0,16.0,1.0
train,DAMIMAS,DAMIMAS_A21B_0035,4,4,12,3.0,1.1547005383792515,2,0,0.38490017933145043,0.0,11.0,1.0,0.0
train,DAMIMAS,DAMIMAS_A21B_0037,4,4,19,4.75,0.9574271077563381,2,0,0.20156360159047884,1.0,5.0,9.0,4.0
train,DAMIMAS,DAMIMAS_A21B_0038,4,4,20,5.0,0.8164965809277259,1,0,0.16329931615288532,4.0,0.0,6.0,10.0
train,DAMIMAS,DAMIMAS_A21B_0040,4,4,20,5.0,0.816496580927726,3,0,0.16329931615288534,5.0,2.0,10.0,3.0
train,DAMIMAS,DAMIMAS_A21B_0041,4,4,20,5.0,0.8164965809277259,3,0,0.16329931615288532,4.0,4.0,10.0,2.0
train,DAMIMAS,DAMIMAS_A21B_0043,4,4,23,5.75,0.5,2,0,0.08695652172400756,7.0,15.0,1.0,0.0
train,DAMIMAS,DAMIMAS_A21B_0044,4,4,15,3.75,0.49999999999999994,3,0,0.13333333329777777,4.0,5.0,5.0,1.0
train,DAMIMAS,DAMIMAS_A21B_0047,4,4,13,3.25,0.5,2,0,0.15384615379881655,5.0,7.0,1.0,0.0
train,DAMIMAS,DAMIMAS_A21B_0048,4,4,15,3.75,0.5,4,0,0.13333333329777777,3.0,4.0,6.0,2.0
train,DAMIMAS,DAMIMAS_A21B_0051,4,4,24,6.0,0.816496580927726,2,0,0.13608276346527387,1.0,21.0,2.0,0.0
train,DAMIMAS,DAMIMAS_A21B_0052,4,4,22,5.5,1.2909944487358056,2,0,0.2347262633638326,6.0,6.0,7.0,3.0
train,DAMIMAS,DAMIMAS_A21B_0054,4,4,20,5.0,0.816496580927726,3,0,0.16329931615288534,1.0,2.0,5.0,12.0
train,DAMIMAS,DAMIMAS_A21B_0055,4,4,21,5.25,0.5,2,0,0.09523809521995465,7.0,13.0,1.0,0.0
train,DAMIMAS,DAMIMAS_A21B_0058,4,4,15,3.75,0.5,2,0,0.13333333329777777,5.0,0.0,4.0,6.0
train,DAMIMAS,DAMIMAS_A21B_0059,4,4,8,2.0,0.816496580927726,2,0,0.40824829025973886,5.0,3.0,0.0,0.0
train,DAMIMAS,DAMIMAS_A21B_0060,4,4,16,4.0,0.0,2,0,0.0,3.0,1.0,5.0,7.0
train,DAMIMAS,DAMIMAS_A21B_0062,4,4,15,3.75,1.707825127659933,4,0,0.45542003392120345,3.0,3.0,5.0,4.0
train,DAMIMAS,DAMIMAS_A21B_0063,4,4,16,4.0,0.8164965809277259,2,0,0.20412414518090044,5.0,8.0,3.0,0.0
train,DAMIMAS,DAMIMAS_A21B_0064,4,4,12,3.0,0.816496580927726,4,0,0.2721655268851868,2.0,4.0,5.0,1.0
train,DAMIMAS,DAMIMAS_A21B_0066,4,4,26,6.5,0.5773502691896258,1,0,0.08882311832320042,4.0,4.0,8.0,10.0
train,DAMIMAS,DAMIMAS_A21B_0068,4,4,18,4.5,1.2909944487358056,3,0,0.2868876552108707,4.0,5.0,3.0,6.0
train,DAMIMAS,DAMIMAS_A21B_0072,4,4,21,5.25,0.5,3,0,0.09523809521995465,3.0,7.0,8.0,3.0
train,DAMIMAS,DAMIMAS_A21B_0073,4,4,0,0.0,0.0,1,4,0.0,0.0,0.0,0.0,0.0
train,DAMIMAS,DAMIMAS_A21B_0075,4,4,29,7.25,1.707825127659933,3,0,0.23556208654129254,6.0,18.0,4.0,1.0
train,DAMIMAS,DAMIMAS_A21B_0076,4,4,22,5.5,0.5773502691896258,3,0,0.10497277619720964,6.0,5.0,4.0,7.0
train,DAMIMAS,DAMIMAS_A21B_0077,4,4,18,4.5,0.5773502691896257,3,0,0.1283000597914057,5.0,3.0,9.0,1.0
train,DAMIMAS,DAMIMAS_A21B_0078,4,4,20,5.0,0.816496580927726,2,0,0.16329931615288534,5.0,1.0,8.0,6.0
train,DAMIMAS,DAMIMAS_A21B_0082,4,4,13,3.25,1.2583057392117918,4,0,0.3871709965614218,3.0,3.0,6.0,1.0
train,DAMIMAS,DAMIMAS_A21B_0083,4,4,21,5.25,1.5000000000000002,2,0,0.285714285659864,5.0,16.0,0.0,0.0
train,DAMIMAS,DAMIMAS_A21B_0084,4,4,11,2.75,0.5,2,0,0.1818181817520661,0.0,4.0,6.0,1.0
train,DAMIMAS,DAMIMAS_A21B_0085,4,4,26,6.5,0.5773502691896258,2,0,0.08882311832320042,2.0,5.0,15.0,4.0
train,DAMIMAS,DAMIMAS_A21B_0086,4,4,19,4.75,0.5,3,0,0.10526315787257617,3.0,3.0,10.0,3.0
train,DAMIMAS,DAMIMAS_A21B_0087,4,4,23,5.75,0.4999999999999999,3,0,0.08695652172400754,7.0,13.0,3.0,0.0
train,DAMIMAS,DAMIMAS_A21B_0088,4,4,19,4.75,0.5,2,0,0.10526315787257617,5.0,1.0,9.0,4.0
train,DAMIMAS,DAMIMAS_A21B_0090,4,4,10,2.5,0.5773502691896257,3,0,0.23094010758347425,0.0,2.0,4.0,4.0
train,DAMIMAS,DAMIMAS_A21B_0096,4,4,16,4.0,1.4142135623730951,3,0,0.35355339050488543,3.0,1.0,3.0,9.0
train,DAMIMAS,DAMIMAS_A21B_0098,4,4,16,4.0,1.1547005383792515,3,0,0.2886751345226441,0.0,1.0,5.0,10.0
train,DAMIMAS,DAMIMAS_A21B_0101,4,4,15,3.75,0.9574271077563381,3,0,0.25531389533360643,4.0,3.0,8.0,0.0
train,DAMIMAS,DAMIMAS_A21B_0105,4,4,21,5.25,0.9574271077563382,4,0,0.18236706810932785,3.0,4.0,11.0,3.0
train,DAMIMAS,DAMIMAS_A21B_0106,4,4,20,5.0,0.8164965809277259,2,0,0.16329931615288532,4.0,0.0,4.0,12.0
train,DAMIMAS,DAMIMAS_A21B_0107,4,4,28,7.0,0.0,2,0,0.0,7.0,12.0,8.0,1.0
train,DAMIMAS,DAMIMAS_A21B_0108,4,4,16,4.0,0.0,3,0,0.0,4.0,4.0,6.0,2.0
train,DAMIMAS,DAMIMAS_A21B_0109,4,4,17,4.25,0.5,2,0,0.11764705879584775,1.0,7.0,6.0,3.0
train,DAMIMAS,DAMIMAS_A21B_0110,4,4,6,1.5,0.5773502691896257,3,0,0.38490017920315034,0.0,0.0,4.0,2.0
train,DAMIMAS,DAMIMAS_A21B_0111,4,4,23,5.75,0.957427107756338,1,0,0.16650906218953546,0.0,16.0,7.0,0.0
train,DAMIMAS,DAMIMAS_A21B_0112,4,4,9,2.25,1.2583057392117916,4,0,0.5592469949566865,2.0,0.0,3.0,4.0
train,DAMIMAS,DAMIMAS_A21B_0114,4,4,9,2.25,0.5,3,0,0.22222222212345677,0.0,2.0,1.0,6.0
train,DAMIMAS,DAMIMAS_A21B_0115,4,4,5,1.25,0.9574271077563381,4,1,0.7659416855923171,0.0,2.0,3.0,0.0
train,DAMIMAS,DAMIMAS_A21B_0117,4,4,8,2.0,0.816496580927726,2,0,0.40824829025973886,0.0,0.0,7.0,1.0
train,DAMIMAS,DAMIMAS_A21B_0118,4,4,18,4.5,1.0,4,0,0.2222222221728395,3.0,2.0,1.0,12.0
train,DAMIMAS,DAMIMAS_A21B_0119,4,4,20,5.0,0.816496580927726,2,0,0.16329931615288534,8.0,9.0,3.0,0.0
train,DAMIMAS,DAMIMAS_A21B_0121,4,4,15,3.75,1.2583057392117916,3,0,0.3355481970336649,0.0,3.0,10.0,2.0
train,DAMIMAS,DAMIMAS_A21B_0124,4,4,19,4.75,0.4999999999999999,2,0,0.10526315787257615,0.0,7.0,5.0,7.0
train,DAMIMAS,DAMIMAS_A21B_0125,4,4,19,4.75,0.4999999999999999,3,0,0.10526315787257615,2.0,6.0,8.0,3.0
train,DAMIMAS,DAMIMAS_A21B_0127,4,4,21,5.25,0.9574271077563381,4,0,0.18236706810932782,1.0,14.0,4.0,2.0
train,DAMIMAS,DAMIMAS_A21B_0129,4,4,8,2.0,0.816496580927726,2,0,0.40824829025973886,0.0,2.0,6.0,0.0
train,DAMIMAS,DAMIMAS_A21B_0130,4,4,15,3.75,0.9574271077563381,2,0,0.25531389533360643,2.0,2.0,2.0,9.0
train,DAMIMAS,DAMIMAS_A21B_0131,4,4,18,4.5,0.5773502691896257,3,0,0.1283000597914057,2.0,12.0,4.0,0.0
train,DAMIMAS,DAMIMAS_A21B_0133,4,4,17,4.25,0.4999999999999999,2,0,0.11764705879584772,0.0,0.0,15.0,2.0
train,DAMIMAS,DAMIMAS_A21B_0134,4,4,16,4.0,0.816496580927726,3,0,0.20412414518090047,0.0,4.0,7.0,5.0
train,DAMIMAS,DAMIMAS_A21B_0135,4,4,21,5.25,0.4999999999999999,1,0,0.09523809521995463,8.0,9.0,4.0,0.0
train,DAMIMAS,DAMIMAS_A21B_0136,4,4,21,5.25,0.5,1,0,0.09523809521995465,0.0,6.0,9.0,6.0
train,DAMIMAS,DAMIMAS_A21B_0137,4,4,17,4.25,0.5,3,0,0.11764705879584775,0.0,4.0,11.0,2.0
train,DAMIMAS,DAMIMAS_A21B_0139,4,4,18,4.5,1.2909944487358056,2,0,0.2868876552108707,0.0,13.0,5.0,0.0
train,DAMIMAS,DAMIMAS_A21B_0141,4,4,19,4.75,0.4999999999999999,2,0,0.10526315787257615,0.0,0.0,16.0,3.0
train,DAMIMAS,DAMIMAS_A21B_0143,4,4,18,4.5,0.5773502691896257,2,0,0.1283000597914057,0.0,9.0,7.0,2.0
train,DAMIMAS,DAMIMAS_A21B_0144,4,4,18,4.5,0.5773502691896257,4,0,0.1283000597914057,2.0,7.0,2.0,7.0
train,DAMIMAS,DAMIMAS_A21B_0145,4,4,18,4.5,1.0,4,0,0.2222222221728395,2.0,2.0,13.0,1.0
train,DAMIMAS,DAMIMAS_A21B_0146,4,4,22,5.5,0.5773502691896257,3,0,0.10497277619720963,3.0,4.0,8.0,7.0
train,DAMIMAS,DAMIMAS_A21B_0150,4,4,25,6.25,0.9574271077563381,2,0,0.15318833721650396,2.0,2.0,13.0,8.0
train,DAMIMAS,DAMIMAS_A21B_0152,4,4,23,5.75,0.5,2,0,0.08695652172400756,4.0,6.0,4.0,9.0
train,DAMIMAS,DAMIMAS_A21B_0153,4,4,16,4.0,0.816496580927726,2,0,0.20412414518090047,0.0,0.0,15.0,1.0
train,DAMIMAS,DAMIMAS_A21B_0154,4,4,26,6.5,0.5773502691896257,2,0,0.0888231183232004,1.0,3.0,7.0,15.0
train,DAMIMAS,DAMIMAS_A21B_0156,4,4,18,4.5,0.5773502691896257,4,0,0.1283000597914057,3.0,2.0,6.0,7.0
train,DAMIMAS,DAMIMAS_A21B_0157,4,4,26,6.5,0.5773502691896257,2,0,0.0888231183232004,1.0,6.0,14.0,5.0
train,DAMIMAS,DAMIMAS_A21B_0158,4,4,17,4.25,0.957427107756338,3,0,0.22527696647789672,2.0,2.0,7.0,6.0
train,DAMIMAS,DAMIMAS_A21B_0159,4,4,9,2.25,1.5,3,0,0.6666666663703703,1.0,1.0,2.0,5.0
train,DAMIMAS,DAMIMAS_A21B_0160,4,4,13,3.25,0.5,4,0,0.15384615379881655,3.0,4.0,5.0,1.0
train,DAMIMAS,DAMIMAS_A21B_0161,4,4,24,6.0,0.816496580927726,2,0,0.13608276346527387,0.0,1.0,19.0,4.0
train,DAMIMAS,DAMIMAS_A21B_0162,4,4,18,4.5,0.5773502691896258,1,0,0.12830005979140574,0.0,0.0,8.0,10.0
train,DAMIMAS,DAMIMAS_A21B_0163,4,4,31,7.75,0.957427107756338,2,0,0.12353898163003858,5.0,16.0,7.0,3.0
train,DAMIMAS,DAMIMAS_A21B_0164,4,4,24,6.0,0.0,3,0,0.0,3.0,3.0,6.0,12.0
train,DAMIMAS,DAMIMAS_A21B_0168,4,4,24,6.0,0.0,2,0,0.0,3.0,6.0,4.0,11.0
train,DAMIMAS,DAMIMAS_A21B_0169,4,4,28,7.0,0.816496580927726,3,0,0.11664236868729766,1.0,2.0,20.0,5.0
train,DAMIMAS,DAMIMAS_A21B_0170,4,4,25,6.25,0.9574271077563381,3,0,0.15318833721650396,1.0,3.0,9.0,12.0
train,DAMIMAS,DAMIMAS_A21B_0171,4,4,13,3.25,0.5,2,0,0.15384615379881655,0.0,10.0,3.0,0.0
train,DAMIMAS,DAMIMAS_A21B_0172,4,4,20,5.0,0.8164965809277259,3,0,0.16329931615288532,2.0,5.0,5.0,8.0
train,DAMIMAS,DAMIMAS_A21B_0173,4,4,23,5.75,0.9574271077563381,3,0,0.16650906218953548,4.0,2.0,16.0,1.0
train,DAMIMAS,DAMIMAS_A21B_0174,4,4,26,6.5,0.5773502691896258,1,0,0.08882311832320042,4.0,0.0,9.0,13.0
train,DAMIMAS,DAMIMAS_A21B_0175,4,4,22,5.5,1.0,2,0,0.18181818178512396,4.0,12.0,6.0,0.0
train,DAMIMAS,DAMIMAS_A21B_0176,4,4,18,4.5,0.5773502691896258,3,0,0.12830005979140574,4.0,3.0,5.0,6.0
train,DAMIMAS,DAMIMAS_A21B_0177,4,4,22,5.5,0.5773502691896258,1,0,0.10497277619720964,0.0,5.0,13.0,4.0
train,DAMIMAS,DAMIMAS_A21B_0181,4,4,21,5.25,0.5,1,0,0.09523809521995465,0.0,0.0,17.0,4.0
train,DAMIMAS,DAMIMAS_A21B_0182,4,4,20,5.0,0.816496580927726,2,0,0.16329931615288534,2.0,5.0,8.0,5.0
train,DAMIMAS,DAMIMAS_A21B_0183,4,4,24,6.0,0.0,2,0,0.0,3.0,13.0,7.0,1.0
train,DAMIMAS,DAMIMAS_A21B_0184,4,4,11,2.75,0.5,2,0,0.1818181817520661,2.0,7.0,2.0,0.0
train,DAMIMAS,DAMIMAS_A21B_0185,4,4,20,5.0,0.816496580927726,4,0,0.16329931615288534,1.0,3.0,12.0,4.0
train,DAMIMAS,DAMIMAS_A21B_0186,4,4,15,3.75,0.5,3,0,0.13333333329777777,4.0,1.0,9.0,1.0
train,DAMIMAS,DAMIMAS_A21B_0187,4,4,7,1.75,0.9574271077563381,4,0,0.5471012041195639,2.0,4.0,1.0,0.0
train,DAMIMAS,DAMIMAS_A21B_0188,4,4,11,2.75,0.957427107756338,3,0,0.3481553117847937,4.0,0.0,2.0,5.0
train,DAMIMAS,DAMIMAS_A21B_0189,4,4,10,2.5,0.5773502691896257,4,0,0.23094010758347425,5.0,3.0,2.0,0.0
train,DAMIMAS,DAMIMAS_A21B_0190,4,4,17,4.25,0.9574271077563381,3,0,0.22527696647789675,2.0,4.0,8.0,3.0
train,DAMIMAS,DAMIMAS_A21B_0192,4,4,12,3.0,0.0,2,0,0.0,0.0,0.0,5.0,7.0
train,DAMIMAS,DAMIMAS_A21B_0193,4,4,24,6.0,0.8164965809277259,2,0,0.13608276346527387,0.0,0.0,20.0,4.0
train,DAMIMAS,DAMIMAS_A21B_0196,4,4,14,3.5,0.5773502691896257,4,0,0.16495721972133387,1.0,4.0,4.0,5.0
train,DAMIMAS,DAMIMAS_A21B_0197,4,4,15,3.75,0.9574271077563381,3,0,0.25531389533360643,0.0,1.0,11.0,3.0
train,DAMIMAS,DAMIMAS_A21B_0199,4,4,21,5.25,0.9574271077563381,2,0,0.18236706810932782,3.0,12.0,6.0,0.0
train,DAMIMAS,DAMIMAS_A21B_0200,4,4,11,2.75,0.5,4,0,0.1818181817520661,2.0,2.0,5.0,2.0
train,DAMIMAS,DAMIMAS_A21B_0202,4,4,9,2.25,0.957427107756338,3,0,0.42552315881369546,2.0,1.0,5.0,1.0
train,DAMIMAS,DAMIMAS_A21B_0203,4,4,13,3.25,0.5,2,0,0.15384615379881655,0.0,12.0,1.0,0.0
train,DAMIMAS,DAMIMAS_A21B_0206,4,4,21,5.25,0.4999999999999999,2,0,0.09523809521995463,0.0,5.0,15.0,1.0
train,DAMIMAS,DAMIMAS_A21B_0207,4,4,20,5.0,1.4142135623730951,2,0,0.2828427124180505,7.0,9.0,4.0,0.0
train,DAMIMAS,DAMIMAS_A21B_0208,4,4,22,5.5,0.5773502691896257,2,0,0.10497277619720963,3.0,6.0,6.0,7.0
train,DAMIMAS,DAMIMAS_A21B_0209,4,4,16,4.0,0.816496580927726,2,0,0.20412414518090047,0.0,3.0,12.0,1.0
train,DAMIMAS,DAMIMAS_A21B_0210,4,4,18,4.5,0.5773502691896258,3,0,0.12830005979140574,3.0,2.0,7.0,6.0
train,DAMIMAS,DAMIMAS_A21B_0212,4,4,16,4.0,0.816496580927726,3,0,0.20412414518090047,3.0,2.0,6.0,5.0
train,DAMIMAS,DAMIMAS_A21B_0213,4,4,20,5.0,1.8257418583505538,2,0,0.3651483715970811,0.0,2.0,18.0,0.0
train,DAMIMAS,DAMIMAS_A21B_0214,4,4,20,5.0,1.414213562373095,3,0,0.2828427124180504,2.0,1.0,8.0,9.0
train,DAMIMAS,DAMIMAS_A21B_0216,4,4,20,5.0,0.0,4,0,0.0,5.0,5.0,5.0,5.0
train,DAMIMAS,DAMIMAS_A21B_0218,4,4,19,4.75,0.5,4,0,0.10526315787257617,1.0,2.0,5.0,11.0
train,DAMIMAS,DAMIMAS_A21B_0219,4,4,19,4.75,1.707825127659933,2,0,0.35954213206324015,5.0,11.0,3.0,0.0
train,DAMIMAS,DAMIMAS_A21B_0221,4,4,25,6.25,0.9574271077563381,2,0,0.15318833721650396,6.0,6.0,12.0,1.0
train,DAMIMAS,DAMIMAS_A21B_0222,4,4,18,4.5,0.5773502691896257,3,0,0.1283000597914057,1.0,2.0,8.0,7.0
train,DAMIMAS,DAMIMAS_A21B_0224,4,4,20,5.0,0.8164965809277259,2,0,0.16329931615288532,6.0,2.0,7.0,5.0
train,DAMIMAS,DAMIMAS_A21B_0225,4,4,10,2.5,0.5773502691896257,4,0,0.23094010758347425,2.0,2.0,6.0,0.0
train,DAMIMAS,DAMIMAS_A21B_0227,4,4,7,1.75,0.5,2,0,0.2857142855510204,3.0,0.0,0.0,4.0
train,DAMIMAS,DAMIMAS_A21B_0228,4,4,17,4.25,1.2583057392117916,3,0,0.29607193856840464,4.0,4.0,4.0,5.0
train,DAMIMAS,DAMIMAS_A21B_0229,4,4,20,5.0,1.1547005383792515,3,0,0.23094010762966227,4.0,1.0,15.0,0.0
train,DAMIMAS,DAMIMAS_A21B_0230,4,4,0,0.0,0.0,1,4,0.0,0.0,0.0,0.0,0.0
train,DAMIMAS,DAMIMAS_A21B_0231,4,4,15,3.75,0.49999999999999994,1,0,0.13333333329777777,0.0,10.0,5.0,0.0
train,DAMIMAS,DAMIMAS_A21B_0233,4,4,20,5.0,0.816496580927726,3,0,0.16329931615288534,0.0,1.0,18.0,1.0
train,DAMIMAS,DAMIMAS_A21B_0234,4,4,14,3.5,1.9148542155126762,2,0,0.5471012042758786,0.0,0.0,5.0,9.0
train,DAMIMAS,DAMIMAS_A21B_0237,4,4,20,5.0,0.0,3,0,0.0,5.0,1.0,11.0,3.0
train,DAMIMAS,DAMIMAS_A21B_0238,4,4,19,4.75,0.4999999999999999,3,0,0.10526315787257615,4.0,2.0,9.0,4.0
train,DAMIMAS,DAMIMAS_A21B_0239,4,4,15,3.75,0.49999999999999994,2,0,0.13333333329777777,5.0,9.0,1.0,0.0
train,DAMIMAS,DAMIMAS_A21B_0240,4,4,14,3.5,0.5773502691896257,3,0,0.16495721972133387,0.0,7.0,4.0,3.0
train,DAMIMAS,DAMIMAS_A21B_0241,4,4,14,3.5,1.2909944487358054,3,0,0.36885555667627135,3.0,3.0,8.0,0.0
train,DAMIMAS,DAMIMAS_A21B_0242,4,4,16,4.0,0.816496580927726,3,0,0.20412414518090047,0.0,4.0,9.0,3.0
train,DAMIMAS,DAMIMAS_A21B_0244,4,4,14,3.5,0.5773502691896257,3,0,0.16495721972133387,0.0,4.0,4.0,6.0
train,DAMIMAS,DAMIMAS_A21B_0245,4,4,8,2.0,1.1547005383792515,2,0,0.5773502689009505,0.0,0.0,4.0,4.0
train,DAMIMAS,DAMIMAS_A21B_0247,4,4,20,5.0,0.0,1,0,0.0,5.0,11.0,4.0,0.0
train,DAMIMAS,DAMIMAS_A21B_0248,4,4,18,4.5,0.5773502691896257,4,0,0.1283000597914057,2.0,6.0,6.0,4.0
train,DAMIMAS,DAMIMAS_A21B_0249,4,4,16,4.0,0.816496580927726,2,0,0.20412414518090047,0.0,1.0,15.0,0.0
train,DAMIMAS,DAMIMAS_A21B_0250,4,4,29,7.25,0.4999999999999999,2,0,0.06896551723186681,2.0,2.0,8.0,17.0
train,DAMIMAS,DAMIMAS_A21B_0251,4,4,22,5.5,0.5773502691896257,2,0,0.10497277619720963,3.0,11.0,7.0,1.0
train,DAMIMAS,DAMIMAS_A21B_0252,4,4,13,3.25,0.9574271077563382,2,0,0.2945929561420755,0.0,5.0,5.0,3.0
train,DAMIMAS,DAMIMAS_A21B_0255,4,4,17,4.25,0.9574271077563381,2,0,0.22527696647789675,1.0,8.0,8.0,0.0
train,DAMIMAS,DAMIMAS_A21B_0258,4,4,17,4.25,0.9574271077563381,2,0,0.22527696647789675,0.0,4.0,11.0,2.0
train,DAMIMAS,DAMIMAS_A21B_0262,4,4,23,5.75,0.4999999999999999,2,0,0.08695652172400754,3.0,5.0,12.0,3.0
train,DAMIMAS,DAMIMAS_A21B_0263,4,4,21,5.25,0.5,3,0,0.09523809521995465,2.0,12.0,5.0,2.0
train,DAMIMAS,DAMIMAS_A21B_0264,4,4,22,5.5,1.0,2,0,0.18181818178512396,6.0,4.0,5.0,7.0
train,DAMIMAS,DAMIMAS_A21B_0267,4,4,20,5.0,0.8164965809277259,3,0,0.16329931615288532,3.0,7.0,9.0,1.0
train,DAMIMAS,DAMIMAS_A21B_0269,4,4,11,2.75,0.957427107756338,1,0,0.3481553117847937,0.0,0.0,11.0,0.0
train,DAMIMAS,DAMIMAS_A21B_0270,4,4,16,4.0,0.816496580927726,4,0,0.20412414518090047,3.0,2.0,10.0,1.0
train,DAMIMAS,DAMIMAS_A21B_0272,4,4,17,4.25,0.9574271077563381,4,0,0.22527696647789675,3.0,1.0,9.0,4.0
train,DAMIMAS,DAMIMAS_A21B_0273,4,4,16,4.0,0.8164965809277259,1,0,0.20412414518090044,0.0,5.0,11.0,0.0
train,DAMIMAS,DAMIMAS_A21B_0275,4,4,26,6.5,1.7320508075688772,3,0,0.2664693549696012,5.0,12.0,7.0,2.0
train,DAMIMAS,DAMIMAS_A21B_0276,4,4,10,2.5,1.0,4,0,0.39999999984,2.0,4.0,3.0,1.0
train,DAMIMAS,DAMIMAS_A21B_0277,4,4,17,4.25,0.9574271077563381,3,0,0.22527696647789675,4.0,1.0,11.0,1.0
train,DAMIMAS,DAMIMAS_A21B_0279,4,4,24,6.0,0.816496580927726,2,0,0.13608276346527387,0.0,11.0,12.0,1.0
train,DAMIMAS,DAMIMAS_A21B_0280,4,4,18,4.5,1.2909944487358056,3,0,0.2868876552108707,3.0,4.0,7.0,4.0
train,DAMIMAS,DAMIMAS_A21B_0281,4,4,21,5.25,0.4999999999999999,2,0,0.09523809521995463,0.0,1.0,14.0,6.0
train,DAMIMAS,DAMIMAS_A21B_0282,4,4,17,4.25,0.5,3,0,0.11764705879584775,4.0,4.0,9.0,0.0
train,DAMIMAS,DAMIMAS_A21B_0285,4,4,32,8.0,1.1547005383792515,2,0,0.14433756727936423,7.0,4.0,15.0,6.0
train,DAMIMAS,DAMIMAS_A21B_0286,4,4,19,4.75,0.9574271077563381,4,0,0.20156360159047884,2.0,5.0,10.0,2.0
train,DAMIMAS,DAMIMAS_A21B_0288,4,4,20,5.0,0.816496580927726,3,0,0.16329931615288534,1.0,7.0,6.0,6.0
train,DAMIMAS,DAMIMAS_A21B_0290,4,4,14,3.5,0.5773502691896257,1,0,0.16495721972133387,0.0,0.0,14.0,0.0
train,DAMIMAS,DAMIMAS_A21B_0291,4,4,21,5.25,1.8929694486000912,4,0,0.3605656091884811,4.0,9.0,6.0,2.0
train,DAMIMAS,DAMIMAS_A21B_0292,4,4,21,5.25,1.707825127659933,2,0,0.3253000242542158,0.0,9.0,6.0,6.0
train,DAMIMAS,DAMIMAS_A21B_0293,4,4,18,4.5,3.1091263510296048,4,1,0.6909169667419306,0.0,5.0,11.0,2.0
train,DAMIMAS,DAMIMAS_A21B_0294,4,4,23,5.75,0.5,2,0,0.08695652172400756,0.0,5.0,14.0,4.0
train,DAMIMAS,DAMIMAS_A21B_0295,4,4,17,4.25,1.5000000000000002,2,0,0.3529411763875433,0.0,12.0,3.0,2.0
train,DAMIMAS,DAMIMAS_A21B_0296,4,4,12,3.0,0.816496580927726,4,0,0.2721655268851868,2.0,5.0,3.0,2.0
train,DAMIMAS,DAMIMAS_A21B_0298,4,4,22,5.5,0.5773502691896257,2,0,0.10497277619720963,4.0,0.0,13.0,5.0
train,DAMIMAS,DAMIMAS_A21B_0299,4,4,18,4.5,1.2909944487358056,3,0,0.2868876552108707,3.0,10.0,5.0,0.0
train,DAMIMAS,DAMIMAS_A21B_0300,4,4,13,3.25,1.2583057392117918,3,0,0.3871709965614218,1.0,4.0,5.0,3.0
train,DAMIMAS,DAMIMAS_A21B_0301,4,4,20,5.0,0.816496580927726,3,0,0.16329931615288534,1.0,5.0,11.0,3.0
train,DAMIMAS,DAMIMAS_A21B_0302,4,4,15,3.75,1.2583057392117916,4,0,0.3355481970336649,2.0,2.0,11.0,0.0
train,DAMIMAS,DAMIMAS_A21B_0303,4,4,21,5.25,1.8929694486000914,4,0,0.36056560918848113,2.0,15.0,4.0,0.0
train,DAMIMAS,DAMIMAS_A21B_0304,4,4,18,4.5,0.5773502691896258,2,0,0.12830005979140574,0.0,6.0,4.0,8.0
train,DAMIMAS,DAMIMAS_A21B_0306,4,4,9,2.25,0.49999999999999994,4,0,0.22222222212345677,2.0,2.0,5.0,0.0
train,DAMIMAS,DAMIMAS_A21B_0307,4,4,14,3.5,0.5773502691896257,3,0,0.16495721972133387,2.0,9.0,3.0,0.0
train,DAMIMAS,DAMIMAS_A21B_0308,4,4,15,3.75,0.5,3,0,0.13333333329777777,2.0,3.0,5.0,5.0
train,DAMIMAS,DAMIMAS_A21B_0309,4,4,18,4.5,0.5773502691896257,4,0,0.1283000597914057,3.0,3.0,9.0,3.0
train,DAMIMAS,DAMIMAS_A21B_0310,4,4,20,5.0,0.0,3,0,0.0,3.0,0.0,16.0,1.0
train,DAMIMAS,DAMIMAS_A21B_0311,4,4,9,2.25,0.5,2,0,0.22222222212345677,2.0,7.0,0.0,0.0
train,DAMIMAS,DAMIMAS_A21B_0312,4,4,18,4.5,1.2909944487358056,3,0,0.2868876552108707,2.0,7.0,4.0,5.0
train,DAMIMAS,DAMIMAS_A21B_0313,4,4,23,5.75,0.9574271077563381,2,0,0.16650906218953548,3.0,4.0,12.0,4.0
train,DAMIMAS,DAMIMAS_A21B_0314,4,4,22,5.5,0.5773502691896258,1,0,0.10497277619720964,0.0,4.0,13.0,5.0
train,DAMIMAS,DAMIMAS_A21B_0316,4,4,24,6.0,0.8164965809277259,3,0,0.13608276346527387,4.0,6.0,6.0,8.0
train,DAMIMAS,DAMIMAS_A21B_0317,4,4,14,3.5,0.5773502691896257,2,0,0.16495721972133387,0.0,4.0,10.0,0.0
train,DAMIMAS,DAMIMAS_A21B_0318,4,4,21,5.25,0.4999999999999999,1,0,0.09523809521995463,0.0,0.0,16.0,5.0
train,DAMIMAS,DAMIMAS_A21B_0320,4,4,23,5.75,0.4999999999999999,1,0,0.08695652172400754,6.0,6.0,6.0,5.0
train,DAMIMAS,DAMIMAS_A21B_0322,4,4,0,0.0,0.0,1,4,0.0,0.0,0.0,0.0,0.0
train,DAMIMAS,DAMIMAS_A21B_0324,4,4,14,3.5,0.5773502691896257,3,0,0.16495721972133387,0.0,7.0,5.0,2.0
train,DAMIMAS,DAMIMAS_A21B_0326,4,4,10,2.5,1.0,2,0,0.39999999984,0.0,0.0,8.0,2.0
train,DAMIMAS,DAMIMAS_A21B_0327,4,4,11,2.75,0.9574271077563381,3,0,0.34815531178479375,3.0,4.0,4.0,0.0
train,DAMIMAS,DAMIMAS_A21B_0328,4,4,14,3.5,0.5773502691896257,3,0,0.16495721972133387,0.0,5.0,5.0,4.0
train,DAMIMAS,DAMIMAS_A21B_0330,4,4,21,5.25,0.5,3,0,0.09523809521995465,4.0,2.0,14.0,1.0
train,DAMIMAS,DAMIMAS_A21B_0332,4,4,11,2.75,0.5,2,0,0.1818181817520661,0.0,0.0,5.0,6.0
train,DAMIMAS,DAMIMAS_A21B_0333,4,4,8,2.0,0.0,3,0,0.0,2.0,1.0,5.0,0.0
train,DAMIMAS,DAMIMAS_A21B_0334,4,4,21,5.25,0.5,2,0,0.09523809521995465,4.0,0.0,10.0,7.0
train,DAMIMAS,DAMIMAS_A21B_0336,4,4,22,5.5,0.5773502691896257,2,0,0.10497277619720963,4.0,2.0,10.0,6.0
train,DAMIMAS,DAMIMAS_A21B_0338,4,4,18,4.5,0.5773502691896257,1,0,0.1283000597914057,0.0,0.0,10.0,8.0
train,DAMIMAS,DAMIMAS_A21B_0340,4,4,9,2.25,0.9574271077563381,4,0,0.4255231588136955,2.0,2.0,3.0,2.0
train,DAMIMAS,DAMIMAS_A21B_0341,4,4,20,5.0,0.816496580927726,2,0,0.16329931615288534,0.0,5.0,13.0,2.0
train,DAMIMAS,DAMIMAS_A21B_0342,4,4,27,6.75,1.2583057392117916,3,0,0.18641566504079643,2.0,3.0,10.0,12.0
train,DAMIMAS,DAMIMAS_A21B_0344,4,4,21,5.25,1.2583057392117916,2,0,0.23967728361373605,0.0,7.0,6.0,8.0
train,DAMIMAS,DAMIMAS_A21B_0346,4,4,23,5.75,0.4999999999999999,3,0,0.08695652172400754,3.0,2.0,10.0,8.0
train,DAMIMAS,DAMIMAS_A21B_0348,4,4,21,5.25,0.9574271077563381,2,0,0.18236706810932782,5.0,3.0,5.0,8.0
train,DAMIMAS,DAMIMAS_A21B_0349,4,4,9,2.25,0.5,4,0,0.22222222212345677,1.0,2.0,2.0,4.0
train,DAMIMAS,DAMIMAS_A21B_0350,4,4,10,2.5,1.7320508075688772,3,1,0.6928203227504227,3.0,2.0,5.0,0.0
train,DAMIMAS,DAMIMAS_A21B_0352,4,4,25,6.25,1.707825127659933,2,0,0.27325202038186897,4.0,5.0,7.0,9.0
train,DAMIMAS,DAMIMAS_A21B_0353,4,4,18,4.5,0.5773502691896258,2,0,0.12830005979140574,5.0,4.0,9.0,0.0
train,DAMIMAS,DAMIMAS_A21B_0354,4,4,32,8.0,0.8164965809277263,4,0,0.10206207260320801,2.0,4.0,25.0,1.0
train,DAMIMAS,DAMIMAS_A21B_0355,4,4,24,6.0,1.4142135623730951,3,0,0.23570226035623215,5.0,9.0,8.0,2.0
train,DAMIMAS,DAMIMAS_A21B_0356,4,4,19,4.75,0.4999999999999999,4,0,0.10526315787257615,5.0,5.0,5.0,4.0
train,DAMIMAS,DAMIMAS_A21B_0357,4,4,22,5.5,1.2909944487358056,2,0,0.2347262633638326,0.0,4.0,15.0,3.0
train,DAMIMAS,DAMIMAS_A21B_0358,4,4,28,7.0,1.1547005383792515,3,0,0.1649572197448992,2.0,2.0,14.0,10.0
train,DAMIMAS,DAMIMAS_A21B_0359,4,4,22,5.5,1.0,2,0,0.18181818178512396,6.0,5.0,9.0,2.0
train,DAMIMAS,DAMIMAS_A21B_0362,4,4,24,6.0,1.414213562373095,4,0,0.2357022603562321,2.0,5.0,11.0,6.0
train,DAMIMAS,DAMIMAS_A21B_0365,4,4,27,6.75,1.2583057392117918,3,0,0.18641566504079646,2.0,5.0,16.0,4.0
train,DAMIMAS,DAMIMAS_A21B_0366,4,4,15,3.75,1.2583057392117916,2,0,0.3355481970336649,0.0,0.0,11.0,4.0
train,DAMIMAS,DAMIMAS_A21B_0367,4,4,19,4.75,1.7078251276599332,3,0,0.3595421320632402,1.0,8.0,8.0,2.0
train,DAMIMAS,DAMIMAS_A21B_0368,4,4,29,7.25,0.9574271077563381,2,0,0.1320589113964523,8.0,3.0,10.0,8.0
train,DAMIMAS,DAMIMAS_A21B_0369,4,4,14,3.5,1.0,4,0,0.28571428563265305,2.0,2.0,7.0,3.0
train,DAMIMAS,DAMIMAS_A21B_0370,4,4,18,4.5,1.7320508075688772,3,0,0.3849001793742171,4.0,1.0,9.0,4.0
train,DAMIMAS,DAMIMAS_A21B_0371,4,4,21,5.25,0.9574271077563381,2,0,0.18236706810932782,2.0,8.0,11.0,0.0
train,DAMIMAS,DAMIMAS_A21B_0372,4,4,19,4.75,1.2583057392117918,3,0,0.264906471357239,4.0,4.0,4.0,7.0
train,DAMIMAS,DAMIMAS_A21B_0373,4,4,22,5.5,0.5773502691896257,3,0,0.10497277619720963,6.0,3.0,10.0,3.0
train,DAMIMAS,DAMIMAS_A21B_0374,4,4,28,7.0,0.0,3,0,0.0,2.0,2.0,15.0,9.0
train,DAMIMAS,DAMIMAS_A21B_0375,4,4,20,5.0,0.816496580927726,2,0,0.16329931615288534,3.0,9.0,8.0,0.0
train,DAMIMAS,DAMIMAS_A21B_0376,4,4,19,4.75,0.5,4,0,0.10526315787257617,2.0,4.0,7.0,6.0
train,DAMIMAS,DAMIMAS_A21B_0377,4,4,15,3.75,0.49999999999999994,3,0,0.13333333329777777,1.0,0.0,13.0,1.0
train,DAMIMAS,DAMIMAS_A21B_0378,4,4,26,6.5,0.5773502691896258,3,0,0.08882311832320042,5.0,3.0,11.0,7.0
train,DAMIMAS,DAMIMAS_A21B_0379,4,4,9,2.25,0.5,1,0,0.22222222212345677,4.0,5.0,0.0,0.0
train,DAMIMAS,DAMIMAS_A21B_0380,4,4,23,5.75,0.5,3,0,0.08695652172400756,3.0,7.0,3.0,10.0
train,DAMIMAS,DAMIMAS_A21B_0383,4,4,24,6.0,0.8164965809277259,3,0,0.13608276346527387,4.0,10.0,8.0,2.0
train,DAMIMAS,DAMIMAS_A21B_0384,4,4,25,6.25,0.5,1,0,0.0799999999872,4.0,8.0,6.0,7.0
train,DAMIMAS,DAMIMAS_A21B_0385,4,4,26,6.5,0.5773502691896257,3,0,0.0888231183232004,2.0,4.0,14.0,6.0
train,DAMIMAS,DAMIMAS_A21B_0386,4,4,7,1.75,1.5,3,1,0.8571428566530612,0.0,3.0,4.0,0.0
train,DAMIMAS,DAMIMAS_A21B_0387,4,4,15,3.75,0.5,3,0,0.13333333329777777,5.0,9.0,1.0,0.0
train,DAMIMAS,DAMIMAS_A21B_0388,4,4,19,4.75,1.2583057392117916,4,0,0.26490647135723894,2.0,6.0,6.0,5.0
train,DAMIMAS,DAMIMAS_A21B_0389,4,4,25,6.25,1.5,2,0,0.23999999996159999,1.0,4.0,16.0,4.0
train,DAMIMAS,DAMIMAS_A21B_0390,4,4,30,7.5,0.5773502691896257,2,0,0.07698003588168609,2.0,5.0,11.0,12.0
train,DAMIMAS,DAMIMAS_A21B_0391,4,4,16,4.0,0.0,2,0,0.0,4.0,11.0,1.0,0.0
train,DAMIMAS,DAMIMAS_A21B_0392,4,4,23,5.75,0.5,1,0,0.08695652172400756,4.0,8.0,6.0,5.0
train,DAMIMAS,DAMIMAS_A21B_0394,4,4,25,6.25,0.5,3,0,0.0799999999872,3.0,3.0,9.0,10.0
train,DAMIMAS,DAMIMAS_A21B_0395,4,4,21,5.25,0.5,1,0,0.09523809521995465,6.0,10.0,5.0,0.0
train,DAMIMAS,DAMIMAS_A21B_0396,4,4,25,6.25,0.957427107756338,2,0,0.15318833721650393,6.0,7.0,7.0,5.0
train,DAMIMAS,DAMIMAS_A21B_0397,4,4,19,4.75,0.5,4,0,0.10526315787257617,2.0,3.0,11.0,3.0
train,DAMIMAS,DAMIMAS_A21B_0398,4,4,25,6.25,0.9574271077563382,3,0,0.153188337216504,4.0,4.0,12.0,5.0
train,DAMIMAS,DAMIMAS_A21B_0400,4,4,19,4.75,0.4999999999999999,2,0,0.10526315787257615,0.0,9.0,2.0,8.0
train,DAMIMAS,DAMIMAS_A21B_0402,4,4,18,4.5,1.2909944487358056,2,0,0.2868876552108707,0.0,1.0,12.0,5.0
train,DAMIMAS,DAMIMAS_A21B_0403,4,4,24,6.0,1.4142135623730951,3,0,0.23570226035623215,4.0,9.0,8.0,3.0
train,DAMIMAS,DAMIMAS_A21B_0404,4,4,15,3.75,0.9574271077563381,2,0,0.25531389533360643,7.0,4.0,4.0,0.0
train,DAMIMAS,DAMIMAS_A21B_0405,4,4,13,3.25,0.5,3,0,0.15384615379881655,1.0,4.0,7.0,1.0
train,DAMIMAS,DAMIMAS_A21B_0408,4,4,21,5.25,0.9574271077563382,1,0,0.18236706810932785,6.0,8.0,7.0,0.0
train,DAMIMAS,DAMIMAS_A21B_0409,4,4,15,3.75,1.5,2,0,0.39999999989333335,5.0,1.0,9.0,0.0
train,DAMIMAS,DAMIMAS_A21B_0411,4,4,23,5.75,0.9574271077563382,1,0,0.1665090621895355,4.0,10.0,9.0,0.0
train,DAMIMAS,DAMIMAS_A21B_0412,4,4,16,4.0,0.8164965809277259,4,0,0.20412414518090044,2.0,9.0,4.0,1.0
train,DAMIMAS,DAMIMAS_A21B_0413,4,4,26,6.5,1.2909944487358056,2,0,0.19861453054418324,2.0,3.0,14.0,7.0
train,DAMIMAS,DAMIMAS_A21B_0415,4,4,21,5.25,0.5,2,0,0.09523809521995465,3.0,9.0,9.0,0.0
train,DAMIMAS,DAMIMAS_A21B_0416,4,4,25,6.25,1.2583057392117918,2,0,0.20132891824167407,3.0,8.0,9.0,5.0
train,DAMIMAS,DAMIMAS_A21B_0417,4,4,25,6.25,1.2583057392117916,2,0,0.201328918241674,3.0,4.0,13.0,5.0
train,DAMIMAS,DAMIMAS_A21B_0419,4,4,23,5.75,0.5,2,0,0.08695652172400756,0.0,10.0,10.0,3.0
train,DAMIMAS,DAMIMAS_A21B_0420,4,4,6,1.5,0.5773502691896257,2,0,0.38490017920315034,0.0,5.0,1.0,0.0
train,DAMIMAS,DAMIMAS_A21B_0422,4,4,21,5.25,0.5,2,0,0.09523809521995465,3.0,0.0,8.0,10.0
train,DAMIMAS,DAMIMAS_A21B_0424,4,4,15,3.75,0.49999999999999994,2,0,0.13333333329777777,6.0,2.0,7.0,0.0
train,DAMIMAS,DAMIMAS_A21B_0426,4,4,17,4.25,0.4999999999999999,2,0,0.11764705879584772,0.0,0.0,13.0,4.0
train,DAMIMAS,DAMIMAS_A21B_0428,4,4,27,6.75,0.4999999999999999,1,0,0.07407407406310013,6.0,5.0,7.0,9.0
train,DAMIMAS,DAMIMAS_A21B_0429,4,4,36,9.0,0.816496580927726,2,0,0.09072184231522269,4.0,7.0,16.0,9.0
train,DAMIMAS,DAMIMAS_A21B_0430,4,4,22,5.5,1.2909944487358056,3,0,0.2347262633638326,0.0,2.0,14.0,6.0
train,DAMIMAS,DAMIMAS_A21B_0433,4,4,20,5.0,0.816496580927726,2,0,0.16329931615288534,5.0,1.0,14.0,0.0
train,DAMIMAS,DAMIMAS_A21B_0434,4,4,24,6.0,2.160246899469287,2,0,0.36004114985154095,0.0,5.0,14.0,5.0
train,DAMIMAS,DAMIMAS_A21B_0435,4,4,15,3.75,0.957427107756338,1,0,0.25531389533360643,5.0,6.0,4.0,0.0
train,DAMIMAS,DAMIMAS_A21B_0436,4,4,21,5.25,1.2583057392117916,2,0,0.23967728361373605,3.0,7.0,5.0,6.0
train,DAMIMAS,DAMIMAS_A21B_0437,4,4,27,6.75,0.4999999999999999,3,0,0.07407407406310013,4.0,5.0,12.0,6.0
train,DAMIMAS,DAMIMAS_A21B_0439,4,4,10,2.5,0.5773502691896257,2,0,0.23094010758347425,1.0,8.0,1.0,0.0
train,DAMIMAS,DAMIMAS_A21B_0440,4,4,23,5.75,1.5,1,0,0.2608695651720227,0.0,7.0,10.0,6.0
train,DAMIMAS,DAMIMAS_A21B_0442,4,4,23,5.75,0.9574271077563381,2,0,0.16650906218953548,0.0,2.0,10.0,11.0
train,DAMIMAS,DAMIMAS_A21B_0443,4,4,20,5.0,1.632993161855452,4,0,0.3265986323057707,2.0,8.0,8.0,2.0
train,DAMIMAS,DAMIMAS_A21B_0446,4,4,19,4.75,0.9574271077563381,4,0,0.20156360159047884,3.0,3.0,11.0,2.0
train,DAMIMAS,DAMIMAS_A21B_0447,4,4,23,5.75,0.9574271077563381,1,0,0.16650906218953548,0.0,10.0,9.0,4.0
train,DAMIMAS,DAMIMAS_A21B_0448,4,4,18,4.5,0.5773502691896258,3,0,0.12830005979140574,2.0,5.0,7.0,4.0
train,DAMIMAS,DAMIMAS_A21B_0450,4,4,25,6.25,1.2583057392117916,4,0,0.201328918241674,2.0,2.0,10.0,11.0
train,DAMIMAS,DAMIMAS_A21B_0451,4,4,17,4.25,1.2583057392117916,4,0,0.29607193856840464,2.0,8.0,5.0,2.0
train,DAMIMAS,DAMIMAS_A21B_0452,4,4,22,5.5,0.5773502691896257,2,0,0.10497277619720963,8.0,1.0,5.0,8.0
train,DAMIMAS,DAMIMAS_A21B_0453,4,4,19,4.75,0.9574271077563381,4,0,0.20156360159047884,2.0,3.0,12.0,2.0
train,DAMIMAS,DAMIMAS_A21B_0454,4,4,23,5.75,2.6299556396765835,2,0,0.4573835894294261,0.0,5.0,8.0,10.0
train,DAMIMAS,DAMIMAS_A21B_0455,4,4,21,5.25,0.4999999999999999,2,0,0.09523809521995463,0.0,11.0,8.0,2.0
train,DAMIMAS,DAMIMAS_A21B_0456,4,4,20,5.0,0.8164965809277259,3,0,0.16329931615288532,5.0,3.0,6.0,6.0
train,DAMIMAS,DAMIMAS_A21B_0458,4,4,21,5.25,0.4999999999999999,2,0,0.09523809521995463,0.0,4.0,11.0,6.0
train,DAMIMAS,DAMIMAS_A21B_0459,4,4,18,4.5,0.5773502691896258,2,0,0.12830005979140574,6.0,9.0,3.0,0.0
train,DAMIMAS,DAMIMAS_A21B_0460,4,4,24,6.0,0.816496580927726,2,0,0.13608276346527387,4.0,6.0,8.0,6.0
train,DAMIMAS,DAMIMAS_A21B_0461,4,4,18,4.5,0.9999999999999999,2,0,0.2222222221728395,0.0,4.0,14.0,0.0
train,DAMIMAS,DAMIMAS_A21B_0463,4,4,20,5.0,0.816496580927726,3,0,0.16329931615288534,3.0,9.0,7.0,1.0
train,DAMIMAS,DAMIMAS_A21B_0464,4,4,15,3.75,0.9574271077563381,3,0,0.25531389533360643,5.0,3.0,4.0,3.0
train,DAMIMAS,DAMIMAS_A21B_0465,4,4,13,3.25,0.5,3,0,0.15384615379881655,5.0,3.0,4.0,1.0
train,DAMIMAS,DAMIMAS_A21B_0466,4,4,11,2.75,0.9574271077563381,2,0,0.34815531178479375,0.0,0.0,8.0,3.0
train,DAMIMAS,DAMIMAS_A21B_0467,4,4,17,4.25,0.4999999999999999,3,0,0.11764705879584772,3.0,8.0,5.0,1.0
train,DAMIMAS,DAMIMAS_A21B_0468,4,4,20,5.0,0.0,2,0,0.0,4.0,2.0,7.0,7.0
train,DAMIMAS,DAMIMAS_A21B_0470,4,4,22,5.5,0.5773502691896258,4,0,0.10497277619720964,4.0,7.0,6.0,5.0
train,DAMIMAS,DAMIMAS_A21B_0471,4,4,26,6.5,0.5773502691896257,3,0,0.0888231183232004,3.0,10.0,10.0,3.0
train,DAMIMAS,DAMIMAS_A21B_0473,4,4,11,2.75,0.9574271077563382,3,0,0.34815531178479375,3.0,2.0,6.0,0.0
train,DAMIMAS,DAMIMAS_A21B_0475,4,4,19,4.75,0.9574271077563381,2,0,0.20156360159047884,0.0,11.0,6.0,2.0
train,DAMIMAS,DAMIMAS_A21B_0476,4,4,16,4.0,0.816496580927726,2,0,0.20412414518090047,0.0,6.0,7.0,3.0
train,DAMIMAS,DAMIMAS_A21B_0479,4,4,20,5.0,0.8164965809277259,2,0,0.16329931615288532,1.0,9.0,7.0,3.0
train,DAMIMAS,DAMIMAS_A21B_0480,4,4,23,5.75,0.4999999999999999,2,0,0.08695652172400754,3.0,5.0,6.0,9.0
train,DAMIMAS,DAMIMAS_A21B_0481,4,4,13,3.25,0.957427107756338,4,0,0.29459295614207537,1.0,3.0,8.0,1.0
train,DAMIMAS,DAMIMAS_A21B_0483,4,4,20,5.0,1.8257418583505538,3,0,0.3651483715970811,4.0,9.0,5.0,2.0
train,DAMIMAS,DAMIMAS_A21B_0484,4,4,18,4.5,0.5773502691896257,3,0,0.1283000597914057,2.0,7.0,4.0,5.0
train,DAMIMAS,DAMIMAS_A21B_0486,4,4,22,5.5,1.2909944487358056,2,0,0.2347262633638326,0.0,4.0,10.0,8.0
train,DAMIMAS,DAMIMAS_A21B_0487,4,4,20,5.0,0.8164965809277259,2,0,0.16329931615288532,0.0,10.0,9.0,1.0
train,DAMIMAS,DAMIMAS_A21B_0488,4,4,17,4.25,0.9574271077563381,2,0,0.22527696647789675,0.0,7.0,5.0,5.0
train,DAMIMAS,DAMIMAS_A21B_0490,4,4,27,6.75,0.9574271077563382,2,0,0.1418410529799255,7.0,1.0,9.0,10.0
train,DAMIMAS,DAMIMAS_A21B_0494,4,4,26,6.5,0.5773502691896257,4,0,0.0888231183232004,4.0,3.0,7.0,12.0
train,DAMIMAS,DAMIMAS_A21B_0495,4,4,18,4.5,0.5773502691896258,2,0,0.12830005979140574,2.0,9.0,7.0,0.0
train,DAMIMAS,DAMIMAS_A21B_0496,4,4,19,4.75,0.957427107756338,3,0,0.2015636015904788,3.0,5.0,4.0,7.0
train,DAMIMAS,DAMIMAS_A21B_0497,4,4,26,6.5,1.2909944487358056,3,0,0.19861453054418324,2.0,5.0,15.0,4.0
train,DAMIMAS,DAMIMAS_A21B_0499,4,4,23,5.75,0.5,2,0,0.08695652172400756,4.0,8.0,8.0,3.0
train,DAMIMAS,DAMIMAS_A21B_0500,4,4,19,4.75,0.4999999999999999,2,0,0.10526315787257615,4.0,5.0,7.0,3.0
train,DAMIMAS,DAMIMAS_A21B_0501,4,4,25,6.25,0.9574271077563382,3,0,0.153188337216504,2.0,6.0,14.0,3.0
train,DAMIMAS,DAMIMAS_A21B_0502,4,4,28,7.0,0.0,1,0,0.0,0.0,6.0,11.0,11.0
train,DAMIMAS,DAMIMAS_A21B_0503,4,4,27,6.75,0.5,2,0,0.07407407406310014,3.0,10.0,9.0,5.0
train,DAMIMAS,DAMIMAS_A21B_0504,4,4,21,5.25,0.9574271077563381,3,0,0.18236706810932782,2.0,7.0,3.0,9.0
train,DAMIMAS,DAMIMAS_A21B_0505,4,4,21,5.25,0.4999999999999999,3,0,0.09523809521995463,2.0,0.0,14.0,5.0
train,DAMIMAS,DAMIMAS_A21B_0506,4,4,33,8.25,0.957427107756338,2,0,0.116051770623065,6.0,3.0,11.0,13.0
train,DAMIMAS,DAMIMAS_A21B_0508,4,4,22,5.5,1.2909944487358056,4,0,0.2347262633638326,2.0,10.0,8.0,2.0
train,DAMIMAS,DAMIMAS_A21B_0509,4,4,17,4.25,0.4999999999999999,3,0,0.11764705879584772,1.0,3.0,11.0,2.0
train,DAMIMAS,DAMIMAS_A21B_0510,4,4,23,5.75,0.957427107756338,3,0,0.16650906218953546,0.0,2.0,15.0,6.0
train,DAMIMAS,DAMIMAS_A21B_0511,4,4,22,5.5,0.5773502691896258,2,0,0.10497277619720964,7.0,8.0,6.0,1.0
train,DAMIMAS,DAMIMAS_A21B_0513,4,4,13,3.25,0.9574271077563381,2,0,0.2945929561420754,0.0,1.0,12.0,0.0
train,DAMIMAS,DAMIMAS_A21B_0514,4,4,22,5.5,1.0,1,0,0.18181818178512396,0.0,0.0,14.0,8.0
train,DAMIMAS,DAMIMAS_A21B_0516,4,4,14,3.5,0.5773502691896257,4,0,0.16495721972133387,2.0,5.0,4.0,3.0
train,DAMIMAS,DAMIMAS_A21B_0517,4,4,21,5.25,1.7078251276599332,4,0,0.32530002425421584,2.0,2.0,12.0,5.0
train,DAMIMAS,DAMIMAS_A21B_0518,4,4,29,7.25,0.4999999999999999,3,0,0.06896551723186681,2.0,3.0,13.0,11.0
train,DAMIMAS,DAMIMAS_A21B_0520,4,4,16,4.0,0.816496580927726,3,0,0.20412414518090047,5.0,4.0,4.0,3.0
train,DAMIMAS,DAMIMAS_A21B_0522,4,4,16,4.0,0.816496580927726,2,0,0.20412414518090047,0.0,8.0,6.0,2.0
train,DAMIMAS,DAMIMAS_A21B_0524,4,4,22,5.5,1.2909944487358056,3,0,0.2347262633638326,4.0,5.0,5.0,8.0
train,DAMIMAS,DAMIMAS_A21B_0526,4,4,21,5.25,0.5,3,0,0.09523809521995465,0.0,1.0,19.0,1.0
train,DAMIMAS,DAMIMAS_A21B_0527,4,4,15,3.75,0.5,1,0,0.13333333329777777,0.0,8.0,7.0,0.0
train,DAMIMAS,DAMIMAS_A21B_0529,4,4,17,4.25,0.4999999999999999,1,0,0.11764705879584772,0.0,0.0,13.0,4.0
train,DAMIMAS,DAMIMAS_A21B_0530,4,4,25,6.25,0.9574271077563381,2,0,0.15318833721650396,3.0,6.0,8.0,8.0
train,DAMIMAS,DAMIMAS_A21B_0531,4,4,27,6.75,1.4999999999999998,2,0,0.22222222218930038,4.0,9.0,10.0,4.0
train,DAMIMAS,DAMIMAS_A21B_0533,4,4,22,5.5,1.7320508075688774,3,0,0.31491832859162894,1.0,3.0,13.0,5.0
train,DAMIMAS,DAMIMAS_A21B_0534,4,4,14,3.5,1.2909944487358056,2,0,0.36885555667627146,1.0,4.0,5.0,4.0
train,DAMIMAS,DAMIMAS_A21B_0535,4,4,19,4.75,1.2583057392117918,4,0,0.264906471357239,9.0,4.0,5.0,1.0
train,DAMIMAS,DAMIMAS_A21B_0536,4,4,17,4.25,0.9574271077563381,3,0,0.22527696647789675,4.0,3.0,5.0,5.0
train,DAMIMAS,DAMIMAS_A21B_0538,4,4,24,6.0,0.0,2,0,0.0,0.0,4.0,11.0,9.0
train,DAMIMAS,DAMIMAS_A21B_0539,4,4,28,7.0,0.816496580927726,1,0,0.11664236868729766,5.0,7.0,12.0,4.0
train,DAMIMAS,DAMIMAS_A21B_0540,4,4,18,4.5,1.0,2,0,0.2222222221728395,7.0,1.0,4.0,6.0
train,DAMIMAS,DAMIMAS_A21B_0542,4,4,24,6.0,0.8164965809277259,3,0,0.13608276346527387,2.0,6.0,7.0,9.0
train,DAMIMAS,DAMIMAS_A21B_0543,4,4,10,2.5,1.0,2,0,0.39999999984,4.0,3.0,3.0,0.0
train,DAMIMAS,DAMIMAS_A21B_0544,4,4,21,5.25,0.4999999999999999,2,0,0.09523809521995463,4.0,3.0,7.0,7.0
train,DAMIMAS,DAMIMAS_A21B_0548,4,4,21,5.25,0.957427107756338,3,0,0.1823670681093278,2.0,7.0,8.0,4.0
train,DAMIMAS,DAMIMAS_A21B_0549,4,4,10,2.5,0.5773502691896257,3,0,0.23094010758347425,2.0,0.0,7.0,1.0
train,DAMIMAS,DAMIMAS_A21B_0550,4,4,26,6.5,1.0,1,0,0.1538461538224852,4.0,9.0,6.0,7.0
train,DAMIMAS,DAMIMAS_A21B_0551,4,4,31,7.75,0.4999999999999999,1,0,0.06451612902393339,6.0,9.0,11.0,5.0
train,DAMIMAS,DAMIMAS_A21B_0552,4,4,18,4.5,0.9999999999999999,3,0,0.2222222221728395,7.0,6.0,4.0,1.0
train,DAMIMAS,DAMIMAS_A21B_0554,4,4,30,7.5,0.5773502691896257,1,0,0.07698003588168609,4.0,8.0,9.0,9.0
train,DAMIMAS,DAMIMAS_A21B_0555,4,4,16,4.0,0.816496580927726,2,0,0.20412414518090047,0.0,8.0,5.0,3.0
train,DAMIMAS,DAMIMAS_A21B_0556,4,4,24,6.0,0.0,2,0,0.0,5.0,6.0,9.0,4.0
train,DAMIMAS,DAMIMAS_A21B_0558,4,4,23,5.75,0.9574271077563381,1,0,0.16650906218953548,0.0,10.0,8.0,5.0
train,DAMIMAS,DAMIMAS_A21B_0560,4,4,10,2.5,0.5773502691896257,2,0,0.23094010758347425,0.0,3.0,7.0,0.0
train,DAMIMAS,DAMIMAS_A21B_0561,4,4,23,5.75,0.9574271077563382,3,0,0.1665090621895355,2.0,5.0,12.0,4.0
train,DAMIMAS,DAMIMAS_A21B_0562,4,4,23,5.75,0.9574271077563381,3,0,0.16650906218953548,3.0,6.0,10.0,4.0
train,DAMIMAS,DAMIMAS_A21B_0563,4,4,18,4.5,0.5773502691896258,2,0,0.12830005979140574,5.0,6.0,7.0,0.0
train,DAMIMAS,DAMIMAS_A21B_0565,4,4,20,5.0,0.816496580927726,1,0,0.16329931615288534,0.0,0.0,15.0,5.0
train,DAMIMAS,DAMIMAS_A21B_0569,4,4,24,6.0,0.816496580927726,3,0,0.13608276346527387,4.0,4.0,10.0,6.0
train,DAMIMAS,DAMIMAS_A21B_0570,4,4,21,5.25,0.5,2,0,0.09523809521995465,0.0,5.0,10.0,6.0
train,DAMIMAS,DAMIMAS_A21B_0572,4,4,16,4.0,1.4142135623730951,3,0,0.35355339050488543,4.0,7.0,3.0,2.0
train,DAMIMAS,DAMIMAS_A21B_0574,4,4,13,3.25,0.5,2,0,0.15384615379881655,0.0,1.0,7.0,5.0
train,DAMIMAS,DAMIMAS_A21B_0577,4,4,15,3.75,0.49999999999999994,4,0,0.13333333329777777,3.0,3.0,6.0,3.0
train,DAMIMAS,DAMIMAS_A21B_0578,4,4,12,3.0,0.816496580927726,3,0,0.2721655268851868,2.0,5.0,4.0,1.0
train,DAMIMAS,DAMIMAS_A21B_0579,4,4,28,7.0,2.160246899469287,2,0,0.30860669988009715,9.0,7.0,10.0,2.0
train,DAMIMAS,DAMIMAS_A21B_0580,4,4,25,6.25,0.4999999999999999,3,0,0.07999999998719998,4.0,10.0,9.0,2.0
train,DAMIMAS,DAMIMAS_A21B_0581,4,4,20,5.0,0.816496580927726,3,0,0.16329931615288534,2.0,4.0,10.0,4.0
train,DAMIMAS,DAMIMAS_A21B_0582,4,4,26,6.5,0.5773502691896257,2,0,0.0888231183232004,4.0,8.0,9.0,5.0
train,DAMIMAS,DAMIMAS_A21B_0585,4,4,21,5.25,0.9574271077563381,4,0,0.18236706810932782,3.0,3.0,10.0,5.0
train,DAMIMAS,DAMIMAS_A21B_0586,4,4,15,3.75,0.9574271077563381,2,0,0.25531389533360643,0.0,5.0,6.0,4.0
train,DAMIMAS,DAMIMAS_A21B_0587,4,4,5,1.25,0.5,1,0,0.39999999968,5.0,0.0,0.0,0.0
train,DAMIMAS,DAMIMAS_A21B_0589,4,4,25,6.25,1.2583057392117918,4,0,0.20132891824167407,2.0,4.0,16.0,3.0
train,DAMIMAS,DAMIMAS_A21B_0590,4,4,23,5.75,0.9574271077563381,1,0,0.16650906218953548,6.0,6.0,5.0,6.0
train,DAMIMAS,DAMIMAS_A21B_0591,4,4,23,5.75,1.2583057392117916,2,0,0.21883578069442708,4.0,9.0,9.0,1.0
train,DAMIMAS,DAMIMAS_A21B_0592,4,4,14,3.5,0.5773502691896257,4,0,0.16495721972133387,2.0,2.0,9.0,1.0
train,DAMIMAS,DAMIMAS_A21B_0595,4,4,24,6.0,0.816496580927726,1,0,0.13608276346527387,5.0,8.0,11.0,0.0
train,DAMIMAS,DAMIMAS_A21B_0596,4,4,23,5.75,0.9574271077563382,1,0,0.1665090621895355,0.0,4.0,14.0,5.0
train,DAMIMAS,DAMIMAS_A21B_0597,4,4,15,3.75,0.5,2,0,0.13333333329777777,0.0,0.0,12.0,3.0
train,DAMIMAS,DAMIMAS_A21B_0598,4,4,19,4.75,0.4999999999999999,2,0,0.10526315787257615,1.0,8.0,6.0,4.0
train,DAMIMAS,DAMIMAS_A21B_0599,4,4,24,6.0,0.816496580927726,2,0,0.13608276346527387,5.0,7.0,10.0,2.0
train,DAMIMAS,DAMIMAS_A21B_0600,4,4,28,7.0,1.4142135623730951,3,0,0.20203050888158067,4.0,4.0,14.0,6.0
train,DAMIMAS,DAMIMAS_A21B_0601,4,4,11,2.75,0.9574271077563381,2,0,0.34815531178479375,0.0,0.0,9.0,2.0
train,DAMIMAS,DAMIMAS_A21B_0602,4,4,26,6.5,1.0,1,0,0.1538461538224852,6.0,8.0,7.0,5.0
train,DAMIMAS,DAMIMAS_A21B_0603,4,4,18,4.5,0.5773502691896257,2,0,0.1283000597914057,4.0,8.0,5.0,1.0
train,DAMIMAS,DAMIMAS_A21B_0605,4,4,21,5.25,0.4999999999999999,2,0,0.09523809521995463,0.0,5.0,12.0,4.0
train,DAMIMAS,DAMIMAS_A21B_0606,4,4,22,5.5,1.2909944487358056,2,0,0.2347262633638326,1.0,6.0,7.0,8.0
train,DAMIMAS,DAMIMAS_A21B_0607,4,4,25,6.25,0.5,2,0,0.0799999999872,6.0,8.0,9.0,2.0
train,DAMIMAS,DAMIMAS_A21B_0609,4,4,19,4.75,0.4999999999999999,2,0,0.10526315787257615,1.0,3.0,10.0,5.0
train,DAMIMAS,DAMIMAS_A21B_0610,4,4,20,5.0,1.414213562373095,1,0,0.2828427124180504,0.0,10.0,5.0,5.0
train,DAMIMAS,DAMIMAS_A21B_0611,4,4,20,5.0,1.414213562373095,2,0,0.2828427124180504,0.0,12.0,7.0,1.0
train,DAMIMAS,DAMIMAS_A21B_0612,4,4,14,3.5,0.5773502691896257,3,0,0.16495721972133387,0.0,1.0,12.0,1.0
train,DAMIMAS,DAMIMAS_A21B_0613,4,4,10,2.5,0.5773502691896257,3,0,0.23094010758347425,0.0,1.0,7.0,2.0
train,DAMIMAS,DAMIMAS_A21B_0614,4,4,25,6.25,0.9574271077563381,2,0,0.15318833721650396,3.0,10.0,7.0,5.0
train,DAMIMAS,DAMIMAS_A21B_0615,4,4,22,5.5,0.5773502691896257,2,0,0.10497277619720963,5.0,9.0,7.0,1.0
train,DAMIMAS,DAMIMAS_A21B_0616,4,4,22,5.5,0.5773502691896258,2,0,0.10497277619720964,4.0,3.0,9.0,6.0
train,DAMIMAS,DAMIMAS_A21B_0617,4,4,21,5.25,0.5,2,0,0.09523809521995465,5.0,5.0,8.0,3.0
train,DAMIMAS,DAMIMAS_A21B_0619,4,4,26,6.5,0.5773502691896257,1,0,0.0888231183232004,10.0,6.0,10.0,0.0
train,DAMIMAS,DAMIMAS_A21B_0620,4,4,25,6.25,0.9574271077563382,4,0,0.153188337216504,2.0,4.0,15.0,4.0
train,DAMIMAS,DAMIMAS_A21B_0621,4,4,27,6.75,0.9574271077563381,2,0,0.1418410529799255,5.0,5.0,13.0,4.0
train,DAMIMAS,DAMIMAS_A21B_0622,4,4,24,6.0,0.816496580927726,2,0,0.13608276346527387,3.0,10.0,6.0,5.0
train,DAMIMAS,DAMIMAS_A21B_0623,4,4,23,5.75,0.5,1,0,0.08695652172400756,4.0,8.0,11.0,0.0
train,DAMIMAS,DAMIMAS_A21B_0624,4,4,23,5.75,0.4999999999999999,4,0,0.08695652172400754,3.0,4.0,13.0,3.0
train,DAMIMAS,DAMIMAS_A21B_0625,4,4,27,6.75,1.2583057392117918,2,0,0.18641566504079646,0.0,7.0,16.0,4.0
train,DAMIMAS,DAMIMAS_A21B_0626,4,4,25,6.25,1.2583057392117918,2,0,0.20132891824167407,1.0,10.0,7.0,7.0
train,DAMIMAS,DAMIMAS_A21B_0627,4,4,17,4.25,0.9574271077563381,2,0,0.22527696647789675,3.0,7.0,7.0,0.0
train,DAMIMAS,DAMIMAS_A21B_0628,4,4,22,5.5,0.5773502691896257,2,0,0.10497277619720963,0.0,3.0,12.0,7.0
train,DAMIMAS,DAMIMAS_A21B_0629,4,4,18,4.5,0.5773502691896257,3,0,0.1283000597914057,2.0,2.0,13.0,1.0
train,DAMIMAS,DAMIMAS_A21B_0630,4,4,23,5.75,0.5,2,0,0.08695652172400756,2.0,9.0,6.0,6.0
train,DAMIMAS,DAMIMAS_A21B_0632,4,4,34,8.5,1.2909944487358056,1,0,0.1518816998334028,5.0,6.0,16.0,7.0
train,DAMIMAS,DAMIMAS_A21B_0633,4,4,4,1.0,0.816496580927726,2,1,0.8164965801112294,0.0,0.0,4.0,0.0
train,DAMIMAS,DAMIMAS_A21B_0634,4,4,29,7.25,0.4999999999999999,1,0,0.06896551723186681,7.0,9.0,7.0,6.0
train,DAMIMAS,DAMIMAS_A21B_0639,4,4,24,6.0,0.816496580927726,4,0,0.13608276346527387,3.0,3.0,15.0,3.0
train,DAMIMAS,DAMIMAS_A21B_0642,4,4,14,3.5,0.5773502691896257,4,0,0.16495721972133387,2.0,2.0,4.0,6.0
train,DAMIMAS,DAMIMAS_A21B_0643,4,4,0,0.0,0.0,1,4,0.0,0.0,0.0,0.0,0.0
train,DAMIMAS,DAMIMAS_A21B_0645,4,4,13,3.25,0.5,1,0,0.15384615379881655,0.0,0.0,9.0,4.0
train,DAMIMAS,DAMIMAS_A21B_0646,4,4,19,4.75,0.4999999999999999,1,0,0.10526315787257615,0.0,7.0,7.0,5.0
train,DAMIMAS,DAMIMAS_A21B_0647,4,4,19,4.75,0.957427107756338,2,0,0.2015636015904788,1.0,6.0,11.0,1.0
train,DAMIMAS,DAMIMAS_A21B_0649,4,4,20,5.0,0.816496580927726,2,0,0.16329931615288534,0.0,1.0,15.0,4.0
train,DAMIMAS,DAMIMAS_A21B_0652,4,4,19,4.75,0.5,4,0,0.10526315787257617,3.0,5.0,8.0,3.0
train,DAMIMAS,DAMIMAS_A21B_0653,4,4,20,5.0,0.816496580927726,3,0,0.16329931615288534,2.0,3.0,10.0,5.0
train,DAMIMAS,DAMIMAS_A21B_0654,4,4,27,6.75,0.9574271077563381,2,0,0.1418410529799255,2.0,9.0,7.0,9.0
train,DAMIMAS,DAMIMAS_A21B_0655,4,4,20,5.0,0.816496580927726,3,0,0.16329931615288534,3.0,3.0,12.0,2.0
train,DAMIMAS,DAMIMAS_A21B_0656,4,4,25,6.25,0.4999999999999999,3,0,0.07999999998719998,3.0,1.0,15.0,6.0
train,DAMIMAS,DAMIMAS_A21B_0657,4,4,27,6.75,0.4999999999999999,3,0,0.07407407406310013,2.0,4.0,13.0,8.0
train,DAMIMAS,DAMIMAS_A21B_0658,4,4,10,2.5,1.2909944487358056,4,0,0.5163977792877631,2.0,3.0,4.0,1.0
train,DAMIMAS,DAMIMAS_A21B_0659,4,4,22,5.5,1.2909944487358058,3,0,0.23472626336383265,1.0,3.0,15.0,3.0
train,DAMIMAS,DAMIMAS_A21B_0660,4,4,17,4.25,1.2583057392117916,3,0,0.29607193856840464,0.0,3.0,10.0,4.0
train,DAMIMAS,DAMIMAS_A21B_0661,4,4,22,5.5,0.5773502691896258,4,0,0.10497277619720964,2.0,2.0,14.0,4.0
train,DAMIMAS,DAMIMAS_A21B_0663,4,4,24,6.0,0.8164965809277259,2,0,0.13608276346527387,0.0,3.0,16.0,5.0
train,DAMIMAS,DAMIMAS_A21B_0665,4,4,24,6.0,0.0,2,0,0.0,5.0,6.0,11.0,2.0
train,DAMIMAS,DAMIMAS_A21B_0666,4,4,12,3.0,0.816496580927726,3,0,0.2721655268851868,0.0,1.0,4.0,7.0
train,DAMIMAS,DAMIMAS_A21B_0667,4,4,17,4.25,0.9574271077563382,4,0,0.22527696647789677,2.0,2.0,12.0,1.0
train,DAMIMAS,DAMIMAS_A21B_0668,4,4,27,6.75,0.9574271077563381,2,0,0.1418410529799255,2.0,4.0,12.0,9.0
train,DAMIMAS,DAMIMAS_A21B_0669,4,4,28,7.0,0.8164965809277259,3,0,0.11664236868729765,3.0,3.0,18.0,4.0
train,DAMIMAS,DAMIMAS_A21B_0670,4,4,18,4.5,1.0,4,0,0.2222222221728395,1.0,4.0,3.0,10.0
train,DAMIMAS,DAMIMAS_A21B_0671,4,4,23,5.75,0.4999999999999999,3,0,0.08695652172400754,1.0,3.0,14.0,5.0
train,DAMIMAS,DAMIMAS_A21B_0672,4,4,24,6.0,0.816496580927726,3,0,0.13608276346527387,2.0,3.0,14.0,5.0
train,DAMIMAS,DAMIMAS_A21B_0673,4,4,23,5.75,0.5,2,0,0.08695652172400756,2.0,3.0,12.0,6.0
train,DAMIMAS,DAMIMAS_A21B_0674,4,4,15,3.75,1.707825127659933,4,0,0.45542003392120345,3.0,2.0,3.0,7.0
train,DAMIMAS,DAMIMAS_A21B_0675,4,4,25,6.25,0.9574271077563381,4,0,0.15318833721650396,2.0,2.0,12.0,9.0
train,DAMIMAS,DAMIMAS_A21B_0676,4,4,24,6.0,1.8257418583505538,3,0,0.30429030967437726,2.0,4.0,11.0,7.0
train,DAMIMAS,DAMIMAS_A21B_0677,4,4,25,6.25,1.2583057392117916,3,0,0.201328918241674,3.0,3.0,11.0,8.0
train,DAMIMAS,DAMIMAS_A21B_0679,4,4,26,6.5,0.5773502691896257,1,0,0.0888231183232004,0.0,8.0,11.0,7.0
train,DAMIMAS,DAMIMAS_A21B_0680,4,4,28,7.0,0.8164965809277259,2,0,0.11664236868729765,0.0,4.0,19.0,5.0
train,DAMIMAS,DAMIMAS_A21B_0682,4,4,22,5.5,0.5773502691896257,1,0,0.10497277619720963,5.0,5.0,5.0,7.0
train,DAMIMAS,DAMIMAS_A21B_0683,4,4,29,7.25,0.9574271077563381,2,0,0.1320589113964523,4.0,3.0,15.0,7.0
train,DAMIMAS,DAMIMAS_A21B_0687,4,4,20,5.0,0.0,1,0,0.0,0.0,5.0,11.0,4.0
train,DAMIMAS,DAMIMAS_A21B_0689,4,4,24,6.0,0.8164965809277259,1,0,0.13608276346527387,0.0,6.0,11.0,7.0
train,DAMIMAS,DAMIMAS_A21B_0690,4,4,15,3.75,0.9574271077563382,3,0,0.2553138953336065,2.0,1.0,6.0,6.0
train,DAMIMAS,DAMIMAS_A21B_0691,4,4,18,4.5,1.2909944487358056,3,0,0.2868876552108707,0.0,3.0,12.0,3.0
train,DAMIMAS,DAMIMAS_A21B_0692,4,4,18,4.5,0.9999999999999999,3,0,0.2222222221728395,2.0,3.0,9.0,4.0
train,DAMIMAS,DAMIMAS_A21B_0693,4,4,25,6.25,0.9574271077563381,4,0,0.15318833721650396,2.0,3.0,13.0,7.0
train,DAMIMAS,DAMIMAS_A21B_0695,4,4,23,5.75,0.5,3,0,0.08695652172400756,2.0,4.0,12.0,5.0
train,DAMIMAS,DAMIMAS_A21B_0696,4,4,21,5.25,0.9574271077563381,3,0,0.18236706810932782,0.0,2.0,15.0,4.0
train,DAMIMAS,DAMIMAS_A21B_0699,4,4,19,4.75,0.4999999999999999,2,0,0.10526315787257615,0.0,3.0,9.0,7.0
train,DAMIMAS,DAMIMAS_A21B_0700,4,4,20,5.0,0.0,2,0,0.0,4.0,5.0,7.0,4.0
train,DAMIMAS,DAMIMAS_A21B_0702,4,4,14,3.5,0.5773502691896257,3,0,0.16495721972133387,1.0,0.0,9.0,4.0
train,DAMIMAS,DAMIMAS_A21B_0703,4,4,23,5.75,0.5,4,0,0.08695652172400756,4.0,3.0,14.0,2.0
train,DAMIMAS,DAMIMAS_A21B_0704,4,4,26,6.5,0.5773502691896257,2,0,0.0888231183232004,0.0,5.0,14.0,7.0
train,DAMIMAS,DAMIMAS_A21B_0705,4,4,25,6.25,0.9574271077563381,4,0,0.15318833721650396,2.0,4.0,16.0,3.0
train,DAMIMAS,DAMIMAS_A21B_0706,4,4,21,5.25,0.9574271077563381,3,0,0.18236706810932782,5.0,1.0,5.0,10.0
train,DAMIMAS,DAMIMAS_A21B_0707,4,4,24,6.0,0.0,3,0,0.0,0.0,3.0,19.0,2.0
train,DAMIMAS,DAMIMAS_A21B_0708,4,4,28,7.0,0.8164965809277259,3,0,0.11664236868729765,2.0,3.0,15.0,8.0
train,DAMIMAS,DAMIMAS_A21B_0709,4,4,27,6.75,0.4999999999999999,3,0,0.07407407406310013,4.0,5.0,14.0,4.0
train,DAMIMAS,DAMIMAS_A21B_0710,4,4,20,5.0,0.816496580927726,3,0,0.16329931615288534,5.0,3.0,9.0,3.0
train,DAMIMAS,DAMIMAS_A21B_0713,4,4,16,4.0,0.8164965809277259,4,0,0.20412414518090044,2.0,3.0,7.0,4.0
train,DAMIMAS,DAMIMAS_A21B_0716,4,4,28,7.0,0.816496580927726,3,0,0.11664236868729766,1.0,4.0,19.0,4.0
train,DAMIMAS,DAMIMAS_A21B_0717,4,4,24,6.0,0.8164965809277259,3,0,0.13608276346527387,2.0,4.0,13.0,5.0
train,DAMIMAS,DAMIMAS_A21B_0721,4,4,26,6.5,1.2909944487358056,3,0,0.19861453054418324,2.0,5.0,16.0,3.0
train,DAMIMAS,DAMIMAS_A21B_0722,4,4,16,4.0,1.4142135623730951,3,0,0.35355339050488543,2.0,4.0,6.0,4.0
train,DAMIMAS,DAMIMAS_A21B_0723,4,4,36,9.0,0.816496580927726,2,0,0.09072184231522269,5.0,6.0,14.0,11.0
train,DAMIMAS,DAMIMAS_A21B_0725,4,4,12,3.0,0.816496580927726,3,0,0.2721655268851868,0.0,3.0,8.0,1.0
train,DAMIMAS,DAMIMAS_A21B_0726,4,4,18,4.5,0.5773502691896257,3,0,0.1283000597914057,4.0,3.0,10.0,1.0
train,DAMIMAS,DAMIMAS_A21B_0727,4,4,32,8.0,0.816496580927726,3,0,0.10206207260320799,4.0,3.0,20.0,5.0
train,DAMIMAS,DAMIMAS_A21B_0729,4,4,28,7.0,0.816496580927726,3,0,0.11664236868729766,6.0,3.0,17.0,2.0
train,DAMIMAS,DAMIMAS_A21B_0730,4,4,14,3.5,0.5773502691896257,4,0,0.16495721972133387,4.0,2.0,7.0,1.0
train,DAMIMAS,DAMIMAS_A21B_0731,4,4,12,3.0,0.816496580927726,1,0,0.2721655268851868,0.0,0.0,12.0,0.0
train,DAMIMAS,DAMIMAS_A21B_0732,4,4,15,3.75,0.49999999999999994,2,0,0.13333333329777777,0.0,0.0,10.0,5.0
train,DAMIMAS,DAMIMAS_A21B_0733,4,4,20,5.0,0.0,2,0,0.0,0.0,0.0,13.0,7.0
train,DAMIMAS,DAMIMAS_A21B_0734,4,4,14,3.5,0.5773502691896257,3,0,0.16495721972133387,1.0,3.0,8.0,2.0
train,DAMIMAS,DAMIMAS_A21B_0738,4,4,14,3.5,0.5773502691896257,2,0,0.16495721972133387,0.0,0.0,11.0,3.0
train,DAMIMAS,DAMIMAS_A21B_0739,4,4,21,5.25,0.9574271077563382,1,0,0.18236706810932785,0.0,0.0,14.0,7.0
train,DAMIMAS,DAMIMAS_A21B_0740,4,4,21,5.25,0.5,2,0,0.09523809521995465,1.0,3.0,11.0,6.0
train,DAMIMAS,DAMIMAS_A21B_0741,4,4,26,6.5,0.5773502691896258,3,0,0.08882311832320042,3.0,3.0,14.0,6.0
train,DAMIMAS,DAMIMAS_A21B_0742,4,4,9,2.25,0.5,3,0,0.22222222212345677,2.0,3.0,4.0,0.0
train,DAMIMAS,DAMIMAS_A21B_0744,4,4,13,3.25,0.957427107756338,3,0,0.29459295614207537,1.0,2.0,10.0,0.0
train,DAMIMAS,DAMIMAS_A21B_0745,4,4,28,7.0,0.816496580927726,4,0,0.11664236868729766,3.0,3.0,13.0,9.0
train,DAMIMAS,DAMIMAS_A21B_0746,4,4,16,4.0,1.632993161855452,3,0,0.40824829036180094,3.0,1.0,11.0,1.0
train,DAMIMAS,DAMIMAS_A21B_0747,4,4,32,8.0,0.816496580927726,1,0,0.10206207260320799,0.0,5.0,17.0,10.0
train,DAMIMAS,DAMIMAS_A21B_0748,4,4,23,5.75,0.957427107756338,3,0,0.16650906218953546,3.0,1.0,15.0,4.0
train,DAMIMAS,DAMIMAS_A21B_0750,4,4,11,2.75,0.5,2,0,0.1818181817520661,0.0,0.0,9.0,2.0
train,DAMIMAS,DAMIMAS_A21B_0751,4,4,21,5.25,0.4999999999999999,2,0,0.09523809521995463,4.0,5.0,11.0,1.0
train,DAMIMAS,DAMIMAS_A21B_0752,4,4,13,3.25,0.49999999999999994,2,0,0.15384615379881655,2.0,2.0,9.0,0.0
train,DAMIMAS,DAMIMAS_A21B_0754,4,4,3,0.75,0.5,3,1,0.6666666657777778,1.0,0.0,2.0,0.0
train,DAMIMAS,DAMIMAS_A21B_0758,4,4,9,2.25,0.9574271077563381,4,0,0.4255231588136955,2.0,3.0,2.0,2.0
train,DAMIMAS,DAMIMAS_A21B_0759,4,4,21,5.25,0.5,1,0,0.09523809521995465,0.0,0.0,14.0,7.0
train,DAMIMAS,DAMIMAS_A21B_0760,4,4,17,4.25,0.9574271077563381,2,0,0.22527696647789675,0.0,0.0,12.0,5.0
train,DAMIMAS,DAMIMAS_A21B_0761,4,4,23,5.75,0.9574271077563381,2,0,0.16650906218953548,2.0,3.0,10.0,8.0
train,DAMIMAS,DAMIMAS_A21B_0762,4,4,6,1.5,1.0,3,1,0.6666666662222221,0.0,1.0,5.0,0.0
train,DAMIMAS,DAMIMAS_A21B_0764,4,4,11,2.75,1.2583057392117916,4,0,0.4575657231833548,0.0,2.0,5.0,4.0
train,DAMIMAS,DAMIMAS_A21B_0765,4,4,18,4.5,0.5773502691896257,3,0,0.1283000597914057,3.0,2.0,8.0,5.0
train,DAMIMAS,DAMIMAS_A21B_0766,4,4,12,3.0,0.816496580927726,3,0,0.2721655268851868,2.0,1.0,4.0,5.0
train,DAMIMAS,DAMIMAS_A21B_0767,4,4,16,4.0,0.816496580927726,3,0,0.20412414518090047,3.0,4.0,7.0,2.0
train,DAMIMAS,DAMIMAS_A21B_0769,4,4,26,6.5,0.5773502691896257,3,0,0.0888231183232004,0.0,2.0,19.0,5.0
train,DAMIMAS,DAMIMAS_A21B_0770,4,4,16,4.0,0.816496580927726,2,0,0.20412414518090047,0.0,2.0,12.0,2.0
train,DAMIMAS,DAMIMAS_A21B_0771,4,4,15,3.75,0.49999999999999994,2,0,0.13333333329777777,0.0,4.0,9.0,2.0
train,DAMIMAS,DAMIMAS_A21B_0773,4,4,16,4.0,1.632993161855452,4,0,0.40824829036180094,1.0,4.0,9.0,2.0
train,DAMIMAS,DAMIMAS_A21B_0774,4,4,8,2.0,0.816496580927726,3,0,0.40824829025973886,1.0,1.0,6.0,0.0
train,DAMIMAS,DAMIMAS_A21B_0775,4,4,17,4.25,0.9574271077563381,2,0,0.22527696647789675,0.0,3.0,13.0,1.0
train,DAMIMAS,DAMIMAS_A21B_0777,4,4,18,4.5,0.5773502691896258,3,0,0.12830005979140574,4.0,1.0,6.0,7.0
train,DAMIMAS,DAMIMAS_A21B_0778,4,4,10,2.5,1.0,2,0,0.39999999984,0.0,0.0,6.0,4.0
train,DAMIMAS,DAMIMAS_A21B_0780,4,4,7,1.75,0.5,2,0,0.2857142855510204,0.0,0.0,1.0,6.0
train,DAMIMAS,DAMIMAS_A21B_0782,4,4,5,1.25,0.9574271077563382,3,1,0.7659416855923171,0.0,0.0,4.0,1.0
train,DAMIMAS,DAMIMAS_A21B_0784,4,4,13,3.25,0.9574271077563381,2,0,0.2945929561420754,0.0,5.0,7.0,1.0
train,DAMIMAS,DAMIMAS_A21B_0785,4,4,14,3.5,0.5773502691896257,1,0,0.16495721972133387,0.0,9.0,5.0,0.0
train,DAMIMAS,DAMIMAS_A21B_0786,4,4,6,1.5,0.5773502691896257,3,0,0.38490017920315034,2.0,1.0,3.0,0.0
train,DAMIMAS,DAMIMAS_A21B_0787,4,4,12,3.0,0.0,1,0,0.0,0.0,4.0,8.0,0.0
train,DAMIMAS,DAMIMAS_A21B_0789,4,4,26,6.5,0.5773502691896257,3,0,0.0888231183232004,4.0,10.0,7.0,5.0
train,DAMIMAS,DAMIMAS_A21B_0792,4,4,22,5.5,1.0,2,0,0.18181818178512396,0.0,7.0,13.0,2.0
train,DAMIMAS,DAMIMAS_A21B_0793,4,4,0,0.0,0.0,1,4,0.0,0.0,0.0,0.0,0.0
train,DAMIMAS,DAMIMAS_A21B_0794,4,4,17,4.25,1.2583057392117918,3,0,0.2960719385684047,1.0,3.0,12.0,1.0
train,DAMIMAS,DAMIMAS_A21B_0795,4,4,8,2.0,0.816496580927726,3,0,0.40824829025973886,1.0,3.0,4.0,0.0
train,DAMIMAS,DAMIMAS_A21B_0796,4,4,13,3.25,0.5,2,0,0.15384615379881655,0.0,0.0,11.0,2.0
train,DAMIMAS,DAMIMAS_A21B_0798,4,4,10,2.5,0.5773502691896257,3,0,0.23094010758347425,4.0,2.0,3.0,1.0
train,DAMIMAS,DAMIMAS_A21B_0799,4,4,15,3.75,0.5,1,0,0.13333333329777777,0.0,0.0,10.0,5.0
train,DAMIMAS,DAMIMAS_A21B_0801,4,4,20,5.0,0.0,2,0,0.0,3.0,7.0,4.0,6.0
train,DAMIMAS,DAMIMAS_A21B_0802,4,4,9,2.25,0.957427107756338,3,0,0.42552315881369546,1.0,1.0,1.0,6.0
train,DAMIMAS,DAMIMAS_A21B_0803,4,4,25,6.25,0.9574271077563381,4,0,0.15318833721650396,2.0,2.0,14.0,7.0
train,DAMIMAS,DAMIMAS_A21B_0804,4,4,17,4.25,0.9574271077563382,3,0,0.22527696647789677,3.0,4.0,9.0,1.0
train,DAMIMAS,DAMIMAS_A21B_0805,4,4,25,6.25,0.9574271077563381,2,0,0.15318833721650396,3.0,8.0,8.0,6.0
train,DAMIMAS,DAMIMAS_A21B_0807,4,4,17,4.25,0.9574271077563381,3,0,0.22527696647789675,0.0,1.0,2.0,14.0
train,DAMIMAS,DAMIMAS_A21B_0809,4,4,24,6.0,0.8164965809277259,4,0,0.13608276346527387,4.0,4.0,12.0,4.0
train,DAMIMAS,DAMIMAS_A21B_0810,8,8,46,5.75,0.4629100498862758,4,0,0.08050609561839474,2.0,3.0,27.0,14.0
train,DAMIMAS,DAMIMAS_A21B_0811,8,8,48,6.0,0.7559289460184544,5,0,0.12598815764874438,3.0,11.0,32.0,2.0
train,DAMIMAS,DAMIMAS_A21B_0812,8,8,39,4.875,0.6408699444616557,3,0,0.1314605014010657,3.0,15.0,20.0,1.0
train,DAMIMAS,DAMIMAS_A21B_0813,8,8,24,3.0,0.9258200997725514,4,0,0.3086066998213149,3.0,1.0,10.0,10.0
train,DAMIMAS,DAMIMAS_A21B_0817,8,8,28,3.5,0.7559289460184545,3,0,0.21597969880070708,12.0,9.0,7.0,0.0
train,DAMIMAS,DAMIMAS_A21B_0818,8,8,40,5.0,0.5345224838248488,2,0,0.10690449674358886,1.0,13.0,26.0,0.0
train,DAMIMAS,DAMIMAS_A21B_0820,8,8,46,5.75,0.7071067811865476,4,0,0.12297509235888217,1.0,13.0,29.0,3.0
train,DAMIMAS,DAMIMAS_A21B_0821,8,8,21,2.625,0.9161253813129043,4,0,0.3490001451291063,9.0,2.0,8.0,2.0
train,DAMIMAS,DAMIMAS_A21B_0823,8,8,57,7.125,0.9910312089651149,4,0,0.13909209948435408,7.0,4.0,32.0,14.0
train,DAMIMAS,DAMIMAS_A21B_0824,8,8,41,5.125,0.6408699444616557,3,0,0.1250477940168991,4.0,20.0,16.0,1.0
train,DAMIMAS,DAMIMAS_A21B_0825,8,8,28,3.5,0.9258200997725513,5,0,0.2645200284308661,6.0,2.0,13.0,7.0
train,DAMIMAS,DAMIMAS_A21B_0826,8,8,21,2.625,0.5175491695067657,2,0,0.1971615883084206,0.0,11.0,10.0,0.0
train,DAMIMAS,DAMIMAS_A21B_0827,8,8,44,5.5,0.7559289460184544,3,0,0.1374416265238205,4.0,2.0,24.0,14.0
train,DAMIMAS,DAMIMAS_A21B_0829,8,8,33,4.125,1.5526475085202969,7,0,0.3763993959136721,6.0,3.0,18.0,6.0
train,DAMIMAS,DAMIMAS_A21B_0834,8,8,46,5.75,0.8864052604279182,4,0,0.1541574365693497,5.0,15.0,13.0,13.0
train,DAMIMAS,DAMIMAS_A21B_0841,8,8,22,2.75,0.7071067811865476,5,0,0.2571297385197883,7.0,1.0,10.0,4.0
train,DAMIMAS,DAMIMAS_A21B_0842,8,8,46,5.75,0.4629100498862757,3,0,0.08050609561839471,8.0,10.0,16.0,12.0
train,DAMIMAS,DAMIMAS_A21B_0843,8,8,34,4.25,1.5811388300841895,4,0,0.37203266581462513,0.0,5.0,24.0,5.0
train,DAMIMAS,DAMIMAS_A21B_0844,8,8,45,5.625,0.7440238091428449,4,0,0.1322708993796576,5.0,17.0,21.0,2.0
train,DAMIMAS,DAMIMAS_A21B_0845,8,8,13,1.625,0.5175491695067657,4,0,0.31849179642355313,3.0,1.0,8.0,1.0
train,DAMIMAS,DAMIMAS_A21B_0848,8,8,25,3.125,0.8345229603962802,3,0,0.2670473472413545,0.0,9.0,15.0,1.0
train,DAMIMAS,DAMIMAS_A21B_0849,8,8,19,2.375,0.7440238091428449,6,0,0.31327318266508286,5.0,2.0,10.0,2.0
train,DAMIMAS,DAMIMAS_A21B_0850,8,8,43,5.375,0.5175491695067657,3,0,0.09628821756473999,6.0,6.0,18.0,13.0
train,DAMIMAS,DAMIMAS_A21B_0852,8,8,14,1.75,0.7071067811865476,5,0,0.4040610175899923,2.0,8.0,4.0,0.0
train,DAMIMAS,DAMIMAS_A21B_0853,8,8,28,3.5,0.9258200997725515,5,0,0.26452002843086614,6.0,3.0,14.0,5.0
train,DAMIMAS,DAMIMAS_A21B_0854,8,8,42,5.25,1.3887301496588274,5,0,0.26452002845605854,12.0,6.0,12.0,12.0
train,LONSUM,LONSUM_A21A_0001,4,4,6,1.5,0.5773502691896257,3,0,0.38490017920315034,0.0,0.0,3.0,3.0
train,LONSUM,LONSUM_A21A_0004,4,4,15,3.75,0.9574271077563381,2,0,0.25531389533360643,0.0,6.0,9.0,0.0
train,LONSUM,LONSUM_A21A_0005,4,4,8,2.0,1.4142135623730951,2,0,0.7071067808329942,0.0,0.0,7.0,1.0
train,LONSUM,LONSUM_A21A_0006,4,4,11,2.75,1.2583057392117916,4,0,0.4575657231833548,2.0,3.0,3.0,3.0
train,LONSUM,LONSUM_A21A_0007,4,4,15,3.75,0.5,1,0,0.13333333329777777,0.0,0.0,15.0,0.0
train,LONSUM,LONSUM_A21A_0008,4,4,3,0.75,0.5,2,1,0.6666666657777778,0.0,0.0,3.0,0.0
train,LONSUM,LONSUM_A21A_0009,4,4,7,1.75,0.5,4,0,0.2857142855510204,1.0,0.0,2.0,4.0
train,LONSUM,LONSUM_A21A_0010,4,4,13,3.25,0.5,4,0,0.15384615379881655,1.0,4.0,5.0,3.0
train,LONSUM,LONSUM_A21A_0011,4,4,19,4.75,0.9574271077563382,3,0,0.20156360159047887,0.0,1.0,17.0,1.0
train,LONSUM,LONSUM_A21A_0013,4,4,5,1.25,0.9574271077563382,2,1,0.7659416855923171,0.0,0.0,5.0,0.0
train,LONSUM,LONSUM_A21A_0014,4,4,8,2.0,0.816496580927726,2,0,0.40824829025973886,0.0,0.0,7.0,1.0
train,LONSUM,LONSUM_A21A_0015,4,4,17,4.25,0.9574271077563381,1,0,0.22527696647789675,0.0,0.0,12.0,5.0
train,LONSUM,LONSUM_A21A_0016,4,4,4,1.0,0.816496580927726,2,1,0.8164965801112294,0.0,0.0,4.0,0.0
train,LONSUM,LONSUM_A21A_0018,4,4,11,2.75,0.9574271077563381,2,0,0.34815531178479375,0.0,4.0,6.0,1.0
train,LONSUM,LONSUM_A21A_0020,4,4,7,1.75,0.5,2,0,0.2857142855510204,0.0,1.0,6.0,0.0
train,LONSUM,LONSUM_A21A_0021,4,4,9,2.25,0.9574271077563381,3,0,0.4255231588136955,0.0,0.0,5.0,4.0
train,LONSUM,LONSUM_A21A_0022,4,4,8,2.0,1.8257418583505538,3,1,0.9128709287188413,0.0,5.0,3.0,0.0
train,LONSUM,LONSUM_A21A_0023,4,4,16,4.0,0.8164965809277259,1,0,0.20412414518090044,0.0,0.0,16.0,0.0
train,LONSUM,LONSUM_A21A_0024,4,4,3,0.75,0.5,2,1,0.6666666657777778,0.0,0.0,3.0,0.0
train,LONSUM,LONSUM_A21A_0026,4,4,9,2.25,1.707825127659933,3,1,0.7590333897337331,0.0,3.0,4.0,2.0
train,LONSUM,LONSUM_A21A_0028,4,4,17,4.25,0.4999999999999999,3,0,0.11764705879584772,0.0,2.0,12.0,3.0
train,LONSUM,LONSUM_A21A_0029,4,4,5,1.25,0.5,4,0,0.39999999968,0.0,2.0,2.0,1.0
train,LONSUM,LONSUM_A21A_0030,4,4,1,0.25,0.5,2,3,1.9999999919999998,0.0,1.0,0.0,0.0
train,LONSUM,LONSUM_A21A_0031,4,4,16,4.0,0.816496580927726,2,0,0.20412414518090047,0.0,1.0,15.0,0.0
train,LONSUM,LONSUM_A21A_0032,4,4,2,0.5,0.5773502691896257,2,2,1.1547005360698503,0.0,0.0,2.0,0.0
train,LONSUM,LONSUM_A21A_0033,4,4,8,2.0,0.0,3,0,0.0,0.0,0.0,4.0,4.0
train,LONSUM,LONSUM_A21A_0034,4,4,17,4.25,0.9574271077563382,3,0,0.22527696647789677,1.0,5.0,7.0,4.0
train,LONSUM,LONSUM_A21A_0035,4,4,15,3.75,0.49999999999999994,2,0,0.13333333329777777,0.0,0.0,13.0,2.0
train,LONSUM,LONSUM_A21A_0036,4,4,15,3.75,0.9574271077563382,2,0,0.2553138953336065,0.0,3.0,12.0,0.0
train,LONSUM,LONSUM_A21A_0037,4,4,4,1.0,0.0,2,0,0.0,0.0,0.0,1.0,3.0
train,LONSUM,LONSUM_A21A_0038,4,4,15,3.75,0.5,3,0,0.13333333329777777,0.0,3.0,5.0,7.0
train,LONSUM,LONSUM_A21A_0039,4,4,12,3.0,0.816496580927726,2,0,0.2721655268851868,0.0,1.0,11.0,0.0
train,LONSUM,LONSUM_A21A_0040,4,4,10,2.5,0.5773502691896257,1,0,0.23094010758347425,0.0,0.0,10.0,0.0
train,LONSUM,LONSUM_A21A_0041,4,4,4,1.0,0.816496580927726,2,1,0.8164965801112294,0.0,0.0,4.0,0.0
train,LONSUM,LONSUM_A21A_0044,4,4,16,4.0,0.8164965809277259,2,0,0.20412414518090044,0.0,2.0,14.0,0.0
train,LONSUM,LONSUM_A21A_0046,4,4,2,0.5,0.5773502691896257,2,2,1.1547005360698503,0.0,0.0,2.0,0.0
train,LONSUM,LONSUM_A21A_0047,4,4,16,4.0,0.816496580927726,2,0,0.20412414518090047,0.0,0.0,12.0,4.0
train,LONSUM,LONSUM_A21A_0048,4,4,15,3.75,0.9574271077563381,1,0,0.25531389533360643,0.0,5.0,10.0,0.0
train,LONSUM,LONSUM_A21A_0049,4,4,7,1.75,0.5,3,0,0.2857142855510204,0.0,0.0,2.0,5.0
train,LONSUM,LONSUM_A21A_0051,4,4,14,3.5,0.5773502691896257,1,0,0.16495721972133387,0.0,0.0,14.0,0.0
train,LONSUM,LONSUM_A21A_0054,4,4,16,4.0,1.414213562373095,4,0,0.3535533905048854,3.0,4.0,7.0,2.0
train,LONSUM,LONSUM_A21A_0055,4,4,11,2.75,0.9574271077563381,2,0,0.34815531178479375,0.0,1.0,9.0,1.0
train,LONSUM,LONSUM_A21A_0057,4,4,3,0.75,0.9574271077563381,3,2,1.2765694753063581,0.0,0.0,2.0,1.0
train,LONSUM,LONSUM_A21A_0058,4,4,18,4.5,0.5773502691896257,2,0,0.1283000597914057,0.0,6.0,6.0,6.0
train,LONSUM,LONSUM_A21A_0063,4,4,20,5.0,0.8164965809277259,3,0,0.16329931615288532,1.0,2.0,11.0,6.0
train,LONSUM,LONSUM_A21A_0064,4,4,7,1.75,0.5,3,0,0.2857142855510204,1.0,1.0,5.0,0.0
train,LONSUM,LONSUM_A21A_0065,4,4,13,3.25,0.9574271077563381,3,0,0.2945929561420754,0.0,1.0,9.0,3.0
train,LONSUM,LONSUM_A21A_0066,4,4,13,3.25,0.5,2,0,0.15384615379881655,0.0,2.0,7.0,4.0
train,LONSUM,LONSUM_A21A_0067,4,4,19,4.75,0.9574271077563382,2,0,0.20156360159047887,0.0,8.0,10.0,1.0
train,LONSUM,LONSUM_A21A_0068,4,4,16,4.0,0.816496580927726,1,0,0.20412414518090047,0.0,6.0,10.0,0.0
train,LONSUM,LONSUM_A21A_0069,4,4,5,1.25,0.9574271077563381,3,1,0.7659416855923171,0.0,0.0,1.0,4.0
train,LONSUM,LONSUM_A21A_0071,4,4,8,2.0,0.816496580927726,2,0,0.40824829025973886,0.0,2.0,5.0,1.0
train,LONSUM,LONSUM_A21A_0072,4,4,1,0.25,0.5,2,3,1.9999999919999998,0.0,0.0,1.0,0.0
train,LONSUM,LONSUM_A21A_0073,4,4,2,0.5,1.0,2,3,1.9999999960000001,0.0,0.0,1.0,1.0
train,LONSUM,LONSUM_A21A_0075,4,4,11,2.75,0.5,2,0,0.1818181817520661,0.0,0.0,9.0,2.0
train,LONSUM,LONSUM_A21A_0077,4,4,7,1.75,0.5,2,0,0.2857142855510204,0.0,0.0,3.0,4.0
train,LONSUM,LONSUM_A21A_0078,4,4,17,4.25,0.4999999999999999,4,0,0.11764705879584772,0.0,5.0,5.0,7.0
train,LONSUM,LONSUM_A21A_0080,4,4,5,1.25,0.9574271077563381,2,1,0.7659416855923171,0.0,0.0,5.0,0.0
train,LONSUM,LONSUM_A21A_0082,4,4,7,1.75,0.5,4,0,0.2857142855510204,0.0,3.0,3.0,1.0
train,LONSUM,LONSUM_A21A_0083,4,4,17,4.25,0.5,2,0,0.11764705879584775,0.0,2.0,14.0,1.0
train,LONSUM,LONSUM_A21A_0084,4,4,4,1.0,0.816496580927726,2,1,0.8164965801112294,0.0,0.0,4.0,0.0
train,LONSUM,LONSUM_A21A_0086,4,4,10,2.5,1.2909944487358056,3,0,0.5163977792877631,0.0,2.0,5.0,3.0
train,LONSUM,LONSUM_A21A_0088,4,4,18,4.5,0.9999999999999999,2,0,0.2222222221728395,1.0,5.0,12.0,0.0
train,LONSUM,LONSUM_A21A_0089,4,4,0,0.0,0.0,1,4,0.0,0.0,0.0,0.0,0.0
train,LONSUM,LONSUM_A21A_0090,4,4,10,2.5,1.2909944487358056,4,0,0.5163977792877631,0.0,2.0,5.0,3.0
train,LONSUM,LONSUM_A21A_0092,4,4,13,3.25,0.9574271077563381,2,0,0.2945929561420754,0.0,2.0,11.0,0.0
train,LONSUM,LONSUM_A21A_0093,4,4,7,1.75,0.9574271077563381,1,0,0.5471012041195639,0.0,0.0,7.0,0.0
train,LONSUM,LONSUM_A21A_0094,4,4,12,3.0,0.816496580927726,3,0,0.2721655268851868,1.0,1.0,7.0,3.0
train,LONSUM,LONSUM_A21A_0098,4,4,9,2.25,0.9574271077563381,4,0,0.4255231588136955,0.0,4.0,3.0,2.0
train,LONSUM,LONSUM_A21A_0099,4,4,16,4.0,0.816496580927726,2,0,0.20412414518090047,0.0,0.0,14.0,2.0
val,DAMIMAS,DAMIMAS_A21B_0002,4,4,24,6.0,1.4142135623730951,2,0,0.23570226035623215,3.0,6.0,8.0,7.0
val,DAMIMAS,DAMIMAS_A21B_0036,4,4,15,3.75,0.5,3,0,0.13333333329777777,1.0,4.0,9.0,1.0
val,DAMIMAS,DAMIMAS_A21B_0053,4,4,14,3.5,1.2909944487358056,4,0,0.36885555667627146,2.0,2.0,6.0,4.0
val,DAMIMAS,DAMIMAS_A21B_0057,4,4,23,5.75,1.2583057392117916,3,0,0.21883578069442708,4.0,3.0,11.0,5.0
val,DAMIMAS,DAMIMAS_A21B_0067,4,4,24,6.0,0.816496580927726,2,0,0.13608276346527387,7.0,14.0,3.0,0.0
val,DAMIMAS,DAMIMAS_A21B_0069,4,4,19,4.75,0.4999999999999999,4,0,0.10526315787257615,3.0,3.0,11.0,2.0
val,DAMIMAS,DAMIMAS_A21B_0071,4,4,18,4.5,1.0,1,0,0.2222222221728395,4.0,14.0,0.0,0.0
val,DAMIMAS,DAMIMAS_A21B_0080,4,4,18,4.5,0.5773502691896257,3,0,0.1283000597914057,5.0,3.0,2.0,8.0
val,DAMIMAS,DAMIMAS_A21B_0081,4,4,21,5.25,0.4999999999999999,1,0,0.09523809521995463,7.0,0.0,9.0,5.0
val,DAMIMAS,DAMIMAS_A21B_0094,4,4,24,6.0,1.4142135623730951,2,0,0.23570226035623215,2.0,0.0,8.0,14.0
val,DAMIMAS,DAMIMAS_A21B_0099,4,4,21,5.25,0.9574271077563382,2,0,0.18236706810932785,6.0,11.0,4.0,0.0
val,DAMIMAS,DAMIMAS_A21B_0100,4,4,26,6.5,1.0,2,0,0.1538461538224852,4.0,2.0,7.0,13.0
val,DAMIMAS,DAMIMAS_A21B_0102,4,4,17,4.25,0.9574271077563382,1,0,0.22527696647789677,0.0,0.0,7.0,10.0
val,DAMIMAS,DAMIMAS_A21B_0104,4,4,25,6.25,0.9574271077563381,3,0,0.15318833721650396,5.0,3.0,6.0,11.0
val,DAMIMAS,DAMIMAS_A21B_0120,4,4,9,2.25,0.9574271077563382,2,0,0.42552315881369557,3.0,0.0,1.0,5.0
val,DAMIMAS,DAMIMAS_A21B_0128,4,4,14,3.5,0.5773502691896257,3,0,0.16495721972133387,2.0,3.0,7.0,2.0
val,DAMIMAS,DAMIMAS_A21B_0132,4,4,16,4.0,0.816496580927726,2,0,0.20412414518090047,5.0,0.0,1.0,10.0
val,DAMIMAS,DAMIMAS_A21B_0142,4,4,4,1.0,0.816496580927726,2,1,0.8164965801112294,0.0,0.0,0.0,4.0
val,DAMIMAS,DAMIMAS_A21B_0155,4,4,23,5.75,0.4999999999999999,3,0,0.08695652172400754,3.0,14.0,4.0,2.0
val,DAMIMAS,DAMIMAS_A21B_0165,4,4,23,5.75,0.9574271077563382,3,0,0.1665090621895355,2.0,5.0,12.0,4.0
val,DAMIMAS,DAMIMAS_A21B_0166,4,4,18,4.5,0.5773502691896258,3,0,0.12830005979140574,4.0,1.0,10.0,3.0
val,DAMIMAS,DAMIMAS_A21B_0167,4,4,22,5.5,0.5773502691896258,2,0,0.10497277619720964,5.0,10.0,6.0,1.0
val,DAMIMAS,DAMIMAS_A21B_0179,4,4,21,5.25,0.4999999999999999,2,0,0.09523809521995463,3.0,8.0,10.0,0.0
val,DAMIMAS,DAMIMAS_A21B_0180,4,4,24,6.0,0.0,2,0,0.0,0.0,4.0,11.0,9.0
val,DAMIMAS,DAMIMAS_A21B_0191,4,4,13,3.25,0.957427107756338,2,0,0.29459295614207537,5.0,7.0,1.0,0.0
val,DAMIMAS,DAMIMAS_A21B_0194,4,4,13,3.25,0.5,1,0,0.15384615379881655,0.0,0.0,6.0,7.0
val,DAMIMAS,DAMIMAS_A21B_0201,4,4,20,5.0,1.4142135623730951,3,0,0.2828427124180505,3.0,0.0,15.0,2.0
val,DAMIMAS,DAMIMAS_A21B_0211,4,4,24,6.0,0.8164965809277259,2,0,0.13608276346527387,6.0,12.0,5.0,1.0
val,DAMIMAS,DAMIMAS_A21B_0215,4,4,18,4.5,1.2909944487358058,2,0,0.2868876552108707,7.0,7.0,4.0,0.0
val,DAMIMAS,DAMIMAS_A21B_0217,4,4,21,5.25,0.4999999999999999,2,0,0.09523809521995463,6.0,2.0,13.0,0.0
val,DAMIMAS,DAMIMAS_A21B_0223,4,4,16,4.0,1.632993161855452,4,0,0.40824829036180094,3.0,9.0,4.0,0.0
val,DAMIMAS,DAMIMAS_A21B_0232,4,4,8,2.0,1.8257418583505538,3,1,0.9128709287188413,0.0,0.0,4.0,4.0
val,DAMIMAS,DAMIMAS_A21B_0235,4,4,23,5.75,1.2583057392117918,3,0,0.21883578069442713,4.0,13.0,4.0,2.0
val,DAMIMAS,DAMIMAS_A21B_0236,4,4,23,5.75,1.2583057392117916,2,0,0.21883578069442708,1.0,9.0,6.0,7.0
val,DAMIMAS,DAMIMAS_A21B_0243,4,4,22,5.5,0.5773502691896258,3,0,0.10497277619720964,3.0,11.0,7.0,1.0
val,DAMIMAS,DAMIMAS_A21B_0253,4,4,10,2.5,0.5773502691896257,2,0,0.23094010758347425,0.0,3.0,7.0,0.0
val,DAMIMAS,DAMIMAS_A21B_0257,4,4,18,4.5,0.9999999999999999,3,0,0.2222222221728395,2.0,5.0,10.0,1.0
val,DAMIMAS,DAMIMAS_A21B_0259,4,4,18,4.5,0.5773502691896258,2,0,0.12830005979140574,3.0,10.0,5.0,0.0
val,DAMIMAS,DAMIMAS_A21B_0260,4,4,19,4.75,0.4999999999999999,3,0,0.10526315787257615,2.0,8.0,6.0,3.0
val,DAMIMAS,DAMIMAS_A21B_0265,4,4,22,5.5,0.5773502691896258,4,0,0.10497277619720964,2.0,3.0,16.0,1.0
val,DAMIMAS,DAMIMAS_A21B_0268,4,4,27,6.75,0.9574271077563382,1,0,0.1418410529799255,6.0,6.0,5.0,10.0
val,DAMIMAS,DAMIMAS_A21B_0274,4,4,19,4.75,0.5,3,0,0.10526315787257617,1.0,1.0,13.0,4.0
val,DAMIMAS,DAMIMAS_A21B_0278,4,4,20,5.0,0.816496580927726,2,0,0.16329931615288534,5.0,1.0,14.0,0.0
val,DAMIMAS,DAMIMAS_A21B_0283,4,4,20,5.0,0.0,3,0,0.0,4.0,8.0,6.0,2.0
val,DAMIMAS,DAMIMAS_A21B_0297,4,4,17,4.25,0.4999999999999999,3,0,0.11764705879584772,0.0,1.0,13.0,3.0
val,DAMIMAS,DAMIMAS_A21B_0305,4,4,25,6.25,0.4999999999999999,3,0,0.07999999998719998,4.0,7.0,11.0,3.0
val,DAMIMAS,DAMIMAS_A21B_0321,4,4,21,5.25,1.2583057392117916,3,0,0.23967728361373605,5.0,4.0,9.0,3.0
val,DAMIMAS,DAMIMAS_A21B_0325,4,4,17,4.25,0.9574271077563381,3,0,0.22527696647789675,0.0,6.0,8.0,3.0
val,DAMIMAS,DAMIMAS_A21B_0329,4,4,6,1.5,1.0,2,0,0.6666666662222221,4.0,1.0,1.0,0.0
val,DAMIMAS,DAMIMAS_A21B_0331,4,4,17,4.25,0.9574271077563381,1,0,0.22527696647789675,0.0,13.0,4.0,0.0
val,DAMIMAS,DAMIMAS_A21B_0343,4,4,18,4.5,0.5773502691896257,2,0,0.1283000597914057,4.0,8.0,6.0,0.0
val,DAMIMAS,DAMIMAS_A21B_0347,4,4,18,4.5,0.5773502691896258,3,0,0.12830005979140574,5.0,8.0,4.0,1.0
val,DAMIMAS,DAMIMAS_A21B_0351,4,4,25,6.25,0.9574271077563381,3,0,0.15318833721650396,4.0,10.0,10.0,1.0
val,DAMIMAS,DAMIMAS_A21B_0381,4,4,22,5.5,0.5773502691896257,2,0,0.10497277619720963,6.0,0.0,11.0,5.0
val,DAMIMAS,DAMIMAS_A21B_0382,4,4,28,7.0,0.816496580927726,2,0,0.11664236868729766,4.0,2.0,8.0,14.0
val,DAMIMAS,DAMIMAS_A21B_0393,4,4,24,6.0,0.8164965809277259,3,0,0.13608276346527387,2.0,6.0,13.0,3.0
val,DAMIMAS,DAMIMAS_A21B_0401,4,4,16,4.0,0.816496580927726,2,0,0.20412414518090047,0.0,0.0,13.0,3.0
val,DAMIMAS,DAMIMAS_A21B_0406,4,4,17,4.25,0.4999999999999999,4,0,0.11764705879584772,2.0,1.0,10.0,4.0
val,DAMIMAS,DAMIMAS_A21B_0418,4,4,26,6.5,0.5773502691896258,2,0,0.08882311832320042,0.0,2.0,13.0,11.0
val,DAMIMAS,DAMIMAS_A21B_0423,4,4,22,5.5,1.2909944487358056,3,0,0.2347262633638326,3.0,9.0,7.0,3.0
val,DAMIMAS,DAMIMAS_A21B_0431,4,4,14,3.5,1.2909944487358056,1,0,0.36885555667627146,0.0,7.0,7.0,0.0
val,DAMIMAS,DAMIMAS_A21B_0438,4,4,27,6.75,0.4999999999999999,1,0,0.07407407406310013,0.0,0.0,13.0,14.0
val,DAMIMAS,DAMIMAS_A21B_0444,4,4,16,4.0,0.8164965809277259,3,0,0.20412414518090044,4.0,1.0,5.0,6.0
val,DAMIMAS,DAMIMAS_A21B_0457,4,4,26,6.5,1.2909944487358056,3,0,0.19861453054418324,3.0,4.0,14.0,5.0
val,DAMIMAS,DAMIMAS_A21B_0472,4,4,24,6.0,1.414213562373095,1,0,0.2357022603562321,0.0,8.0,7.0,9.0
val,DAMIMAS,DAMIMAS_A21B_0477,4,4,10,2.5,0.5773502691896257,2,0,0.23094010758347425,0.0,0.0,9.0,1.0
val,DAMIMAS,DAMIMAS_A21B_0482,4,4,24,6.0,1.4142135623730951,3,0,0.23570226035623215,2.0,5.0,7.0,10.0
val,DAMIMAS,DAMIMAS_A21B_0485,4,4,20,5.0,1.414213562373095,3,0,0.2828427124180504,2.0,4.0,11.0,3.0
val,DAMIMAS,DAMIMAS_A21B_0491,4,4,20,5.0,0.816496580927726,2,0,0.16329931615288534,5.0,8.0,7.0,0.0
val,DAMIMAS,DAMIMAS_A21B_0492,4,4,19,4.75,1.2583057392117916,3,0,0.26490647135723894,3.0,5.0,6.0,5.0
val,DAMIMAS,DAMIMAS_A21B_0498,4,4,28,7.0,0.8164965809277259,4,0,0.11664236868729765,7.0,2.0,5.0,14.0
val,DAMIMAS,DAMIMAS_A21B_0512,4,4,25,6.25,0.4999999999999999,3,0,0.07999999998719998,3.0,6.0,9.0,7.0
val,DAMIMAS,DAMIMAS_A21B_0515,4,4,24,6.0,1.4142135623730951,3,0,0.23570226035623215,4.0,8.0,10.0,2.0
val,DAMIMAS,DAMIMAS_A21B_0519,4,4,0,0.0,0.0,1,4,0.0,0.0,0.0,0.0,0.0
val,DAMIMAS,DAMIMAS_A21B_0521,4,4,17,4.25,0.9574271077563381,4,0,0.22527696647789675,2.0,6.0,5.0,4.0
val,DAMIMAS,DAMIMAS_A21B_0523,4,4,22,5.5,0.5773502691896257,2,0,0.10497277619720963,4.0,11.0,5.0,2.0
val,DAMIMAS,DAMIMAS_A21B_0528,4,4,2,0.5,0.5773502691896257,2,2,1.1547005360698503,0.0,2.0,0.0,0.0
val,DAMIMAS,DAMIMAS_A21B_0532,4,4,19,4.75,0.957427107756338,4,0,0.2015636015904788,3.0,5.0,8.0,3.0
val,DAMIMAS,DAMIMAS_A21B_0537,4,4,14,3.5,1.0,4,0,0.28571428563265305,2.0,2.0,9.0,1.0
val,DAMIMAS,DAMIMAS_A21B_0546,4,4,29,7.25,0.4999999999999999,3,0,0.06896551723186681,3.0,9.0,10.0,7.0
val,DAMIMAS,DAMIMAS_A21B_0557,4,4,18,4.5,1.2909944487358056,3,0,0.2868876552108707,3.0,2.0,9.0,4.0
val,DAMIMAS,DAMIMAS_A21B_0564,4,4,21,5.25,0.4999999999999999,2,0,0.09523809521995463,6.0,3.0,7.0,5.0
val,DAMIMAS,DAMIMAS_A21B_0567,4,4,27,6.75,0.5,2,0,0.07407407406310014,5.0,9.0,10.0,3.0
val,DAMIMAS,DAMIMAS_A21B_0573,4,4,24,6.0,0.0,2,0,0.0,1.0,5.0,12.0,6.0
val,DAMIMAS,DAMIMAS_A21B_0575,4,4,28,7.0,0.0,2,0,0.0,6.0,8.0,11.0,3.0
val,DAMIMAS,DAMIMAS_A21B_0576,4,4,25,6.25,0.4999999999999999,1,0,0.07999999998719998,5.0,7.0,8.0,5.0
val,DAMIMAS,DAMIMAS_A21B_0584,4,4,19,4.75,0.957427107756338,3,0,0.2015636015904788,3.0,4.0,8.0,4.0
val,DAMIMAS,DAMIMAS_A21B_0604,4,4,12,3.0,0.0,3,0,0.0,0.0,5.0,4.0,3.0
val,DAMIMAS,DAMIMAS_A21B_0608,4,4,22,5.5,1.7320508075688774,2,0,0.31491832859162894,0.0,3.0,13.0,6.0
val,DAMIMAS,DAMIMAS_A21B_0618,4,4,17,4.25,0.4999999999999999,2,0,0.11764705879584772,4.0,8.0,4.0,1.0
val,DAMIMAS,DAMIMAS_A21B_0635,4,4,29,7.25,1.707825127659933,2,0,0.23556208654129254,7.0,10.0,7.0,5.0
val,DAMIMAS,DAMIMAS_A21B_0640,4,4,25,6.25,0.5,2,0,0.0799999999872,1.0,6.0,14.0,4.0
val,DAMIMAS,DAMIMAS_A21B_0644,4,4,23,5.75,0.5,2,0,0.08695652172400756,0.0,4.0,13.0,6.0
val,DAMIMAS,DAMIMAS_A21B_0651,4,4,23,5.75,0.5,3,0,0.08695652172400756,4.0,2.0,12.0,5.0
val,DAMIMAS,DAMIMAS_A21B_0664,4,4,27,6.75,1.2583057392117916,4,0,0.18641566504079643,2.0,2.0,18.0,5.0
val,DAMIMAS,DAMIMAS_A21B_0678,4,4,19,4.75,0.9574271077563381,3,0,0.20156360159047884,2.0,4.0,10.0,3.0
val,DAMIMAS,DAMIMAS_A21B_0686,4,4,24,6.0,0.816496580927726,1,0,0.13608276346527387,5.0,6.0,9.0,4.0
val,DAMIMAS,DAMIMAS_A21B_0688,4,4,24,6.0,0.816496580927726,3,0,0.13608276346527387,3.0,2.0,14.0,5.0
val,DAMIMAS,DAMIMAS_A21B_0694,4,4,14,3.5,0.5773502691896257,2,0,0.16495721972133387,3.0,0.0,11.0,0.0
val,DAMIMAS,DAMIMAS_A21B_0697,4,4,20,5.0,0.816496580927726,3,0,0.16329931615288534,1.0,3.0,10.0,6.0
val,DAMIMAS,DAMIMAS_A21B_0698,4,4,19,4.75,0.5,2,0,0.10526315787257617,4.0,0.0,9.0,6.0
val,DAMIMAS,DAMIMAS_A21B_0701,4,4,26,6.5,1.0,3,0,0.1538461538224852,0.0,2.0,21.0,3.0
val,DAMIMAS,DAMIMAS_A21B_0711,4,4,22,5.5,1.0,3,0,0.18181818178512396,2.0,5.0,11.0,4.0
val,DAMIMAS,DAMIMAS_A21B_0712,4,4,23,5.75,0.4999999999999999,3,0,0.08695652172400754,2.0,3.0,12.0,6.0
val,DAMIMAS,DAMIMAS_A21B_0718,4,4,14,3.5,0.5773502691896257,4,0,0.16495721972133387,6.0,2.0,4.0,2.0
val,DAMIMAS,DAMIMAS_A21B_0719,4,4,19,4.75,0.9574271077563381,3,0,0.20156360159047884,3.0,3.0,13.0,0.0
val,DAMIMAS,DAMIMAS_A21B_0720,4,4,24,6.0,0.816496580927726,4,0,0.13608276346527387,5.0,2.0,15.0,2.0
val,DAMIMAS,DAMIMAS_A21B_0735,4,4,17,4.25,0.5,2,0,0.11764705879584775,0.0,0.0,16.0,1.0
val,DAMIMAS,DAMIMAS_A21B_0736,4,4,20,5.0,0.0,3,0,0.0,0.0,2.0,14.0,4.0
val,DAMIMAS,DAMIMAS_A21B_0737,4,4,16,4.0,0.0,1,0,0.0,0.0,0.0,9.0,7.0
val,DAMIMAS,DAMIMAS_A21B_0749,4,4,24,6.0,0.816496580927726,3,0,0.13608276346527387,3.0,3.0,15.0,3.0
val,DAMIMAS,DAMIMAS_A21B_0772,4,4,9,2.25,0.5,3,0,0.22222222212345677,3.0,1.0,4.0,1.0
val,DAMIMAS,DAMIMAS_A21B_0776,4,4,17,4.25,0.9574271077563381,4,0,0.22527696647789675,2.0,2.0,9.0,4.0
val,DAMIMAS,DAMIMAS_A21B_0788,4,4,21,5.25,0.5,3,0,0.09523809521995465,1.0,1.0,12.0,7.0
val,DAMIMAS,DAMIMAS_A21B_0790,4,4,14,3.5,0.5773502691896257,3,0,0.16495721972133387,3.0,1.0,9.0,1.0
val,DAMIMAS,DAMIMAS_A21B_0797,4,4,13,3.25,0.49999999999999994,3,0,0.15384615379881655,4.0,7.0,2.0,0.0
val,DAMIMAS,DAMIMAS_A21B_0800,4,4,17,4.25,0.9574271077563381,3,0,0.22527696647789675,0.0,4.0,9.0,4.0
val,DAMIMAS,DAMIMAS_A21B_0815,8,8,51,6.375,0.9161253813129042,4,0,0.14370594214418797,2.0,13.0,31.0,5.0
val,DAMIMAS,DAMIMAS_A21B_0819,8,8,45,5.625,1.6850180160122068,3,0,0.2995587583489152,0.0,8.0,33.0,4.0
val,DAMIMAS,DAMIMAS_A21B_0830,8,8,34,4.25,0.7071067811865475,4,0,0.1663780661223928,12.0,6.0,8.0,8.0
val,DAMIMAS,DAMIMAS_A21B_0831,8,8,52,6.5,0.5345224838248487,5,0,0.08223422826809453,3.0,7.0,35.0,7.0
val,DAMIMAS,DAMIMAS_A21B_0833,8,8,22,2.75,0.7071067811865476,3,0,0.2571297385197883,8.0,1.0,10.0,3.0
val,DAMIMAS,DAMIMAS_A21B_0835,8,8,42,5.25,0.8864052604279182,3,0,0.16883909719220555,0.0,1.0,36.0,5.0
val,DAMIMAS,DAMIMAS_A21B_0836,8,8,36,4.5,0.7559289460184544,2,0,0.16798421018899337,11.0,9.0,16.0,0.0
val,DAMIMAS,DAMIMAS_A21B_0838,8,8,34,4.25,1.98206241793023,3,1,0.4663676276385558,0.0,3.0,14.0,17.0
val,DAMIMAS,DAMIMAS_A21B_0839,8,8,35,4.375,0.9161253813129043,4,0,0.20940008710937238,5.0,3.0,26.0,1.0
val,DAMIMAS,DAMIMAS_A21B_0847,8,8,44,5.5,0.9258200997725516,4,0,0.1683309272007674,3.0,10.0,29.0,2.0
val,LONSUM,LONSUM_A21A_0002,4,4,11,2.75,0.49999999999999994,1,0,0.1818181817520661,0.0,6.0,5.0,0.0
val,LONSUM,LONSUM_A21A_0012,4,4,9,2.25,0.9574271077563381,3,0,0.4255231588136955,0.0,3.0,5.0,1.0
val,LONSUM,LONSUM_A21A_0017,4,4,4,1.0,0.0,1,0,0.0,0.0,0.0,4.0,0.0
val,LONSUM,LONSUM_A21A_0019,4,4,17,4.25,0.5,3,0,0.11764705879584775,0.0,1.0,14.0,2.0
val,LONSUM,LONSUM_A21A_0027,4,4,21,5.25,0.4999999999999999,1,0,0.09523809521995463,0.0,0.0,11.0,10.0
val,LONSUM,LONSUM_A21A_0043,4,4,9,2.25,0.9574271077563381,2,0,0.4255231588136955,0.0,0.0,8.0,1.0
val,LONSUM,LONSUM_A21A_0045,4,4,8,2.0,0.816496580927726,4,0,0.40824829025973886,2.0,1.0,3.0,2.0
val,LONSUM,LONSUM_A21A_0053,4,4,8,2.0,1.4142135623730951,4,1,0.7071067808329942,1.0,2.0,1.0,4.0
val,LONSUM,LONSUM_A21A_0061,4,4,11,2.75,0.49999999999999994,3,0,0.1818181817520661,2.0,1.0,8.0,0.0
val,LONSUM,LONSUM_A21A_0074,4,4,9,2.25,0.957427107756338,4,0,0.42552315881369546,0.0,2.0,5.0,2.0
val,LONSUM,LONSUM_A21A_0079,4,4,8,2.0,0.816496580927726,1,0,0.40824829025973886,0.0,0.0,8.0,0.0
val,LONSUM,LONSUM_A21A_0081,4,4,7,1.75,0.5,3,0,0.2857142855510204,0.0,0.0,3.0,4.0
val,LONSUM,LONSUM_A21A_0085,4,4,2,0.5,0.5773502691896257,3,2,1.1547005360698503,0.0,0.0,1.0,1.0
val,LONSUM,LONSUM_A21A_0096,4,4,9,2.25,1.707825127659933,2,1,0.7590333897337331,0.0,0.0,9.0,0.0
val,LONSUM,LONSUM_A21A_0097,4,4,5,1.25,0.5,3,0,0.39999999968,0.0,0.0,3.0,2.0
